1327,37,25,36,15,16,53,15,6,30,22,24,24,23,13,17,0,11,7,6,4,8,1,0,1,3,3,1,1,0,1,1,0,0,0,0,0,0,0,0,0,0,0,0,0,0,0,0,0,0,0,0,0,0,0,0,0,0,0,0,0,0,0,0,1315,13,40,38,10,63,50,9,17,21,12,6,12,3,30,3,5,5,7,4,9,5,1,4,3,3,2,2,3,2,2,2,0,0,0,0,0,0,0,0,0,0,0,0,0,0,0,0,0,0,0,0,0,0,0,0,0,0,0,0,0,0,0,0,1312,13,33,20,19,40,13,6,18,20,10,21,22,13,13,9,12,13,2,3,2,5,3,0,3,3,0,1,1,1,1,1,0,0,0,0,0,0,0,0,0,0,0,0,0,0,0,0,0,0,0,0,0,0,0,0,0,0,0,0,0,0,0,0,pinkythumb
1321,22,35,15,18,5,53,47,27,19,27,16,24,25,3,10,8,9,8,5,5,1,2,2,1,0,1,0,0,0,0,0,0,0,0,0,0,0,0,0,0,0,0,0,0,0,0,0,0,0,0,0,0,0,0,0,0,0,0,0,0,0,0,0,1328,35,53,21,20,52,31,26,31,36,15,16,10,17,20,10,1,10,1,3,6,2,2,3,2,0,0,0,0,0,0,0,0,0,0,0,0,0,0,0,0,0,0,0,0,0,0,0,0,0,0,0,0,0,0,0,0,0,0,0,0,0,0,0,1325,32,25,38,31,6,24,10,23,30,16,7,13,8,2,10,2,2,6,1,1,3,1,2,0,1,2,1,1,1,1,0,0,0,0,0,0,0,0,0,0,0,0,0,0,0,0,0,0,0,0,0,0,0,0,0,0,0,0,0,0,0,0,0,fist
1314,10,26,23,45,6,12,7,36,14,13,16,13,16,5,1,8,8,3,5,3,5,2,3,2,1,0,0,0,0,0,0,0,0,0,0,0,0,0,0,0,0,0,0,0,0,0,0,0,0,0,0,0,0,0,0,0,0,0,0,0,0,0,0,1309,17,26,31,31,29,22,21,26,40,18,7,12,15,21,4,7,1,5,4,6,1,1,1,0,1,2,0,0,0,0,0,0,0,0,0,0,0,0,0,0,0,0,0,0,0,0,0,0,0,0,0,0,0,0,0,0,0,0,0,0,0,0,0,1317,5,8,28,14,34,27,22,27,43,24,20,15,10,6,6,6,5,6,2,2,3,0,2,2,2,1,2,2,1,1,1,0,0,0,0,0,0,0,0,0,0,0,0,0,0,0,0,0,0,0,0,0,0,0,0,0,0,0,0,0,0,0,0,indexmiddle
1320,11,26,33,7,42,36,17,31,14,21,21,23,4,4,17,2,2,5,1,4,2,2,1,1,1,1,1,1,1,1,1,0,0,0,0,0,0,0,0,0,0,0,0,0,0,0,0,0,0,0,0,0,0,0,0,0,0,0,0,0,0,0,0,1329,22,15,32,22,45,41,6,12,34,15,12,14,14,15,3,7,9,6,5,1,2,2,2,1,0,1,0,1,0,0,0,0,0,0,0,0,0,0,0,0,0,0,0,0,0,0,0,0,0,0,0,0,0,0,0,0,0,0,0,0,0,0,0,1299,20,30,28,12,19,36,20,9,27,12,35,25,8,11,19,2,9,9,3,4,3,0,0,2,0,1,1,1,1,1,1,0,0,0,0,0,0,0,0,0,0,0,0,0,0,0,0,0,0,0,0,0,0,0,0,0,0,0,0,0,0,0,0,pinkythumb
1312,6,18,14,30,32,38,29,9,41,39,11,13,6,3,7,6,2,4,4,3,0,1,0,3,0,1,1,2,1,1,1,0,0,0,0,0,0,0,0,0,0,0,0,0,0,0,0,0,0,0,0,0,0,0,0,0,0,0,0,0,0,0,0,1318,11,21,43,25,53,44,17,27,11,15,6,7,7,14,15,4,9,3,9,5,6,6,4,4,4,3,3,3,3,2,2,0,0,0,0,0,0,0,0,0,0,0,0,0,0,0,0,0,0,0,0,0,0,0,0,0,0,0,0,0,0,0,0,1315,4,16,42,48,44,14,36,33,11,27,15,24,13,5,1,10,9,7,8,4,4,3,4,2,4,2,3,2,2,2,2,0,0,0,0,0,0,0,0,0,0,0,0,0,0,0,0,0,0,0,0,0,0,0,0,0,0,0,0,0,0,0,0,pinkythumb
1323,50,20,4,9,22,80,26,11,69,49,14,23,12,10,18,3,9,6,7,7,6,0,0,2,3,2,1,1,1,1,1,0,0,0,0,0,0,0,0,0,0,0,0,0,0,0,0,0,0,0,0,0,0,0,0,0,0,0,0,0,0,0,0,1310,6,41,24,44,3,39,52,54,13,13,23,21,26,15,8,11,4,15,0,8,3,4,3,4,4,2,2,3,2,2,2,0,0,0,0,0,0,0,0,0,0,0,0,0,0,0,0,0,0,0,0,0,0,0,0,0,0,0,0,0,0,0,0,1307,20,5,11,22,38,30,5,17,14,39,22,4,9,22,9,14,7,8,5,2,1,2,2,0,1,1,0,0,0,0,0,0,0,0,0,0,0,0,0,0,0,0,0,0,0,0,0,0,0,0,0,0,0,0,0,0,0,0,0,0,0,0,0,fist
1303,21,10,11,40,51,19,26,33,21,6,9,23,16,12,7,16,5,5,2,4,4,3,0,0,3,0,2,1,1,1,0,0,0,0,0,0,0,0,0,0,0,0,0,0,0,0,0,0,0,0,0,0,0,0,0,0,0,0,0,0,0,0,0,1313,14,33,31,33,51,44,29,42,32,38,22,12,16,28,16,5,10,5,3,1,5,2,1,1,2,1,0,0,1,0,0,0,0,0,0,0,0,0,0,0,0,0,0,0,0,0,0,0,0,0,0,0,0,0,0,0,0,0,0,0,0,0,0,1324,36,33,18,20,44,30,12,44,45,27,22,10,6,10,3,9,5,7,6,4,2,2,2,1,0,1,1,0,0,0,0,0,0,0,0,0,0,0,0,0,0,0,0,0,0,0,0,0,0,0,0,0,0,0,0,0,0,0,0,0,0,0,0,indexmiddle
1310,9,14,21,49,36,9,26,29,20,14,19,0,31,17,6,2,8,6,8,5,7,5,5,1,3,1,0,1,1,1,1,0,0,0,0,0,0,0,0,0,0,0,0,0,0,0,0,0,0,0,0,0,0,0,0,0,0,0,0,0,0,0,0,1313,19,20,46,32,7,21,20,33,12,17,28,24,9,16,7,14,11,1,6,4,0,1,2,1,1,2,1,1,1,1,1,0,0,0,0,0,0,0,0,0,0,0,0,0,0,0,0,0,0,0,0,0,0,0,0,0,0,0,0,0,0,0,0,1305,10,26,39,13,10,17,30,38,32,15,6,13,15,15,7,2,12,4,2,1,0,0,1,2,1,1,0,0,0,0,0,0,0,0,0,0,0,0,0,0,0,0,0,0,0,0,0,0,0,0,0,0,0,0,0,0,0,0,0,0,0,0,0,pinkythumb
1323,26,39,44,26,26,19,31,3,10,24,13,1,17,23,10,9,1,12,6,2,6,4,1,3,3,2,2,2,2,1,1,0,0,0,0,0,0,0,0,0,0,0,0,0,0,0,0,0,0,0,0,0,0,0,0,0,0,0,0,0,0,0,0,1320,48,22,51,40,18,34,17,28,14,29,22,32,11,9,6,1,10,6,6,1,3,3,2,1,1,0,0,0,0,0,0,0,0,0,0,0,0,0,0,0,0,0,0,0,0,0,0,0,0,0,0,0,0,0,0,0,0,0,0,0,0,0,0,1322,25,33,47,37,32,39,24,13,19,27,31,17,24,10,8,16,13,2,3,2,0,2,1,1,0,0,0,0,0,0,0,0,0,0,0,0,0,0,0,0,0,0,0,0,0,0,0,0,0,0,0,0,0,0,0,0,0,0,0,0,0,0,0,fist
1313,16,49,106,18,47,26,56,33,14,22,18,21,8,19,9,10,14,6,6,4,7,4,3,1,1,2,1,1,2,1,1,0,0,0,0,0,0,0,0,0,0,0,0,0,0,0,0,0,0,0,0,0,0,0,0,0,0,0,0,0,0,0,0,1310,16,33,20,37,14,25,31,36,22,21,5,16,11,8,14,23,5,12,8,1,1,4,0,1,1,0,0,1,1,0,0,0,0,0,0,0,0,0,0,0,0,0,0,0,0,0,0,0,0,0,0,0,0,0,0,0,0,0,0,0,0,0,0,1296,27,31,90,24,60,25,28,21,7,19,27,15,6,10,8,10,6,5,8,4,4,7,7,2,3,3,2,2,2,2,2,0,0,0,0,0,0,0,0,0,0,0,0,0,0,0,0,0,0,0,0,0,0,0,0,0,0,0,0,0,0,0,0,pinkythumb
1307,13,4,46,37,14,15,8,3,15,20,11,36,9,3,13,9,15,4,5,4,0,3,3,2,3,2,2,2,2,2,1,0,0,0,0,0,0,0,0,0,0,0,0,0,0,0,0,0,0,0,0,0,0,0,0,0,0,0,0,0,0,0,0,1316,12,17,18,36,32,13,20,10,18,7,25,18,9,6,3,4,4,3,4,3,2,3,1,3,1,0,1,1,1,1,1,0,0,0,0,0,0,0,0,0,0,0,0,0,0,0,0,0,0,0,0,0,0,0,0,0,0,0,0,0,0,0,0,1305,15,38,46,28,36,18,20,28,29,13,30,18,16,13,5,18,8,4,7,1,2,3,3,2,1,2,1,1,1,1,1,0,0,0,0,0,0,0,0,0,0,0,0,0,0,0,0,0,0,0,0,0,0,0,0,0,0,0,0,0,0,0,0,pinkythumb
1319,30,25,18,33,44,36,55,6,1,15,13,9,14,7,8,9,3,8,3,4,4,0,0,0,1,1,1,0,0,0,0,0,0,0,0,0,0,0,0,0,0,0,0,0,0,0,0,0,0,0,0,0,0,0,0,0,0,0,0,0,0,0,0,1301,29,35,32,22,11,22,33,33,15,5,11,3,13,13,9,10,0,3,4,3,5,4,2,1,2,1,1,1,1,1,1,0,0,0,0,0,0,0,0,0,0,0,0,0,0,0,0,0,0,0,0,0,0,0,0,0,0,0,0,0,0,0,0,1310,15,7,45,18,20,66,28,11,11,15,14,16,9,15,10,2,7,6,5,6,1,0,2,1,1,0,0,1,1,0,0,0,0,0,0,0,0,0,0,0,0,0,0,0,0,0,0,0,0,0,0,0,0,0,0,0,0,0,0,0,0,0,0,indexmiddle
1303,22,29,26,40,6,33,29,27,3,13,13,22,17,15,7,0,5,2,2,5,1,2,2,3,1,2,1,1,0,0,0,0,0,0,0,0,0,0,0,0,0,0,0,0,0,0,0,0,0,0,0,0,0,0,0,0,0,0,0,0,0,0,0,1328,23,32,44,26,48,36,11,26,18,19,0,18,15,34,8,10,3,13,2,1,2,3,2,1,1,1,1,1,1,1,1,0,0,0,0,0,0,0,0,0,0,0,0,0,0,0,0,0,0,0,0,0,0,0,0,0,0,0,0,0,0,0,0,1306,18,45,21,46,53,41,42,57,27,33,25,16,2,9,12,5,2,7,10,1,1,3,4,1,0,2,0,0,0,0,0,0,0,0,0,0,0,0,0,0,0,0,0,0,0,0,0,0,0,0,0,0,0,0,0,0,0,0,0,0,0,0,0,pinkythumb
1314,11,54,15,42,35,21,20,13,15,47,16,16,10,16,8,7,9,7,2,8,6,5,0,2,1,3,2,2,1,2,1,0,0,0,0,0,0,0,0,0,0,0,0,0,0,0,0,0,0,0,0,0,0,0,0,0,0,0,0,0,0,0,0,1304,9,30,31,32,19,50,42,36,32,7,12,11,13,20,6,14,1,1,3,2,2,1,1,0,1,1,0,0,0,0,0,0,0,0,0,0,0,0,0,0,0,0,0,0,0,0,0,0,0,0,0,0,0,0,0,0,0,0,0,0,0,0,0,1311,19,16,35,26,13,21,8,27,30,32,13,12,18,5,14,10,12,3,1,0,5,1,2,0,1,1,2,1,1,1,1,0,0,0,0,0,0,0,0,0,0,0,0,0,0,0,0,0,0,0,0,0,0,0,0,0,0,0,0,0,0,0,0,fist
1307,33,49,58,42,20,61,55,15,30,38,8,12,7,10,11,2,6,6,1,3,2,4,5,2,2,1,0,2,1,1,1,0,0,0,0,0,0,0,0,0,0,0,0,0,0,0,0,0,0,0,0,0,0,0,0,0,0,0,0,0,0,0,0,1315,9,71,48,41,13,27,28,54,29,8,40,21,15,9,7,12,12,8,5,3,3,1,1,0,1,1,0,0,0,0,0,0,0,0,0,0,0,0,0,0,0,0,0,0,0,0,0,0,0,0,0,0,0,0,0,0,0,0,0,0,0,0,0,1321,19,29,60,15,67,46,31,61,35,30,33,11,20,9,14,4,10,8,5,7,0,1,2,0,0,1,1,1,1,0,1,0,0,0,0,0,0,0,0,0,0,0,0,0,0,0,0,0,0,0,0,0,0,0,0,0,0,0,0,0,0,0,0,pinkythumb
1326,27,15,41,36,26,13,31,18,12,27,21,16,14,14,1,4,16,8,8,5,8,1,5,4,3,2,2,2,2,1,1,0,0,0,0,0,0,0,0,0,0,0,0,0,0,0,0,0,0,0,0,0,0,0,0,0,0,0,0,0,0,0,0,1315,19,14,16,63,30,30,49,16,45,10,27,4,20,14,6,7,4,3,8,4,1,0,2,1,0,1,1,1,1,0,0,0,0,0,0,0,0,0,0,0,0,0,0,0,0,0,0,0,0,0,0,0,0,0,0,0,0,0,0,0,0,0,0,1315,9,21,59,30,28,17,18,19,36,16,8,27,18,10,4,6,9,2,7,4,4,1,3,1,1,0,1,0,0,0,0,0,0,0,0,0,0,0,0,0,0,0,0,0,0,0,0,0,0,0,0,0,0,0,0,0,0,0,0,0,0,0,0,pinkythumb
1310,31,47,27,30,1,36,20,25,29,17,22,14,6,22,8,7,8,5,5,0,1,6,3,2,1,1,1,1,1,1,1,0,0,0,0,0,0,0,0,0,0,0,0,0,0,0,0,0,0,0,0,0,0,0,0,0,0,0,0,0,0,0,0,1308,6,9,21,17,26,7,23,36,15,9,24,18,18,24,5,14,2,3,5,6,3,3,0,0,1,0,1,0,0,0,0,0,0,0,0,0,0,0,0,0,0,0,0,0,0,0,0,0,0,0,0,0,0,0,0,0,0,0,0,0,0,0,0,1305,17,41,51,24,9,41,27,1,27,42,16,7,16,13,5,6,3,7,5,4,2,0,1,3,1,1,1,0,0,0,0,0,0,0,0,0,0,0,0,0,0,0,0,0,0,0,0,0,0,0,0,0,0,0,0,0,0,0,0,0,0,0,0,pinkythumb
1320,18,21,23,28,21,20,15,16,24,14,40,10,3,5,7,6,5,3,1,4,2,1,4,2,0,0,0,0,0,0,0,0,0,0,0,0,0,0,0,0,0,0,0,0,0,0,0,0,0,0,0,0,0,0,0,0,0,0,0,0,0,0,0,1303,24,22,11,11,49,18,32,45,32,34,8,12,15,16,12,7,3,1,6,3,3,5,1,0,0,1,0,1,1,1,0,0,0,0,0,0,0,0,0,0,0,0,0,0,0,0,0,0,0,0,0,0,0,0,0,0,0,0,0,0,0,0,0,1324,36,18,19,77,48,39,17,25,24,10,15,26,14,11,3,15,4,5,4,3,0,4,1,1,1,1,0,0,0,0,0,0,0,0,0,0,0,0,0,0,0,0,0,0,0,0,0,0,0,0,0,0,0,0,0,0,0,0,0,0,0,0,0,pinkythumb
1312,17,46,26,17,42,37,12,21,19,15,26,26,12,15,3,7,3,3,4,4,3,2,1,2,1,0,1,0,1,1,0,0,0,0,0,0,0,0,0,0,0,0,0,0,0,0,0,0,0,0,0,0,0,0,0,0,0,0,0,0,0,0,0,1309,38,49,48,47,10,45,41,34,58,2,10,25,14,6,23,7,9,3,3,1,5,3,2,2,1,0,1,1,0,0,0,0,0,0,0,0,0,0,0,0,0,0,0,0,0,0,0,0,0,0,0,0,0,0,0,0,0,0,0,0,0,0,0,1319,9,30,24,27,11,58,24,6,7,25,25,12,2,6,6,10,6,4,4,7,1,4,3,3,2,1,1,1,1,1,1,0,0,0,0,0,0,0,0,0,0,0,0,0,0,0,0,0,0,0,0,0,0,0,0,0,0,0,0,0,0,0,0,pinkythumb
1321,5,44,21,40,13,32,22,27,27,50,7,17,23,2,15,10,12,5,3,5,2,0,0,1,1,0,0,1,0,0,0,0,0,0,0,0,0,0,0,0,0,0,0,0,0,0,0,0,0,0,0,0,0,0,0,0,0,0,0,0,0,0,0,1322,21,7,68,43,35,18,32,37,27,34,8,10,1,8,15,6,4,1,3,4,1,2,2,4,0,0,0,0,0,0,0,0,0,0,0,0,0,0,0,0,0,0,0,0,0,0,0,0,0,0,0,0,0,0,0,0,0,0,0,0,0,0,0,1312,24,30,47,18,43,14,37,27,7,30,15,22,5,4,12,14,0,7,6,3,4,2,3,3,3,1,2,0,1,1,1,0,0,0,0,0,0,0,0,0,0,0,0,0,0,0,0,0,0,0,0,0,0,0,0,0,0,0,0,0,0,0,0,pinkythumb
1325,29,28,28,11,0,32,50,10,37,44,3,2,4,8,3,9,6,3,3,3,4,1,2,1,1,1,0,0,0,0,0,0,0,0,0,0,0,0,0,0,0,0,0,0,0,0,0,0,0,0,0,0,0,0,0,0,0,0,0,0,0,0,0,1315,9,7,29,32,20,18,39,12,5,3,12,24,11,13,9,3,10,1,1,4,0,2,0,1,2,1,1,0,0,1,0,0,0,0,0,0,0,0,0,0,0,0,0,0,0,0,0,0,0,0,0,0,0,0,0,0,0,0,0,0,0,0,0,1309,12,24,57,52,29,5,42,22,24,24,19,17,11,15,5,4,8,7,8,2,4,0,2,0,2,1,1,1,1,1,1,0,0,0,0,0,0,0,0,0,0,0,0,0,0,0,0,0,0,0,0,0,0,0,0,0,0,0,0,0,0,0,0,indexmiddle
1318,25,6,37,12,39,73,15,20,7,10,21,13,4,12,11,6,7,8,2,5,1,4,1,0,0,1,0,0,0,0,0,0,0,0,0,0,0,0,0,0,0,0,0,0,0,0,0,0,0,0,0,0,0,0,0,0,0,0,0,0,0,0,0,1321,20,27,18,7,7,24,15,1,3,12,30,4,13,19,7,6,8,7,2,4,1,5,1,1,0,1,0,0,0,0,0,0,0,0,0,0,0,0,0,0,0,0,0,0,0,0,0,0,0,0,0,0,0,0,0,0,0,0,0,0,0,0,0,1315,21,41,29,13,27,37,5,33,13,22,52,23,27,8,5,9,4,8,2,3,3,1,4,3,1,1,1,1,1,1,1,0,0,0,0,0,0,0,0,0,0,0,0,0,0,0,0,0,0,0,0,0,0,0,0,0,0,0,0,0,0,0,0,fist
1298,36,26,28,13,51,24,12,37,35,5,7,30,16,15,3,13,11,5,10,2,5,2,1,1,3,1,1,1,1,1,1,0,0,0,0,0,0,0,0,0,0,0,0,0,0,0,0,0,0,0,0,0,0,0,0,0,0,0,0,0,0,0,0,1311,12,32,23,25,20,49,30,7,26,20,18,25,25,2,16,7,7,1,3,0,3,1,3,0,1,0,1,1,1,1,1,0,0,0,0,0,0,0,0,0,0,0,0,0,0,0,0,0,0,0,0,0,0,0,0,0,0,0,0,0,0,0,0,1320,24,13,46,7,19,25,23,51,9,26,22,16,26,9,4,10,5,9,6,4,1,2,3,4,0,1,1,1,1,1,1,0,0,0,0,0,0,0,0,0,0,0,0,0,0,0,0,0,0,0,0,0,0,0,0,0,0,0,0,0,0,0,0,fist
1311,17,48,61,14,52,9,60,51,25,22,29,12,7,26,7,10,11,9,5,3,6,3,2,1,1,2,1,1,0,0,0,0,0,0,0,0,0,0,0,0,0,0,0,0,0,0,0,0,0,0,0,0,0,0,0,0,0,0,0,0,0,0,0,1310,6,25,37,27,48,11,42,1,41,4,22,14,9,14,15,4,14,9,3,4,7,2,2,4,5,3,3,3,3,2,2,0,0,0,0,0,0,0,0,0,0,0,0,0,0,0,0,0,0,0,0,0,0,0,0,0,0,0,0,0,0,0,0,1311,4,43,29,43,5,26,51,38,28,1,2,20,8,11,8,7,3,4,6,3,1,1,1,1,2,0,0,0,0,0,0,0,0,0,0,0,0,0,0,0,0,0,0,0,0,0,0,0,0,0,0,0,0,0,0,0,0,0,0,0,0,0,0,pinkythumb
1311,6,30,45,16,35,56,16,7,19,31,21,17,13,17,9,10,8,5,4,1,4,2,2,2,1,1,0,0,0,0,0,0,0,0,0,0,0,0,0,0,0,0,0,0,0,0,0,0,0,0,0,0,0,0,0,0,0,0,0,0,0,0,0,1313,3,18,34,31,32,31,22,15,37,17,24,20,14,13,6,15,7,5,5,2,5,1,0,1,2,0,0,0,0,0,0,0,0,0,0,0,0,0,0,0,0,0,0,0,0,0,0,0,0,0,0,0,0,0,0,0,0,0,0,0,0,0,0,1310,8,11,6,11,8,41,38,60,58,7,6,13,5,17,7,4,4,2,4,1,2,5,2,3,1,2,1,1,1,1,1,0,0,0,0,0,0,0,0,0,0,0,0,0,0,0,0,0,0,0,0,0,0,0,0,0,0,0,0,0,0,0,0,pinkythumb
1325,20,32,20,6,22,16,18,22,17,23,12,26,10,4,17,7,7,6,5,1,0,3,2,1,2,1,1,2,1,1,1,0,0,0,0,0,0,0,0,0,0,0,0,0,0,0,0,0,0,0,0,0,0,0,0,0,0,0,0,0,0,0,0,1337,27,17,29,18,28,14,8,14,14,14,4,6,13,11,16,11,5,4,5,0,2,0,0,1,1,2,1,1,1,0,0,0,0,0,0,0,0,0,0,0,0,0,0,0,0,0,0,0,0,0,0,0,0,0,0,0,0,0,0,0,0,0,0,1314,32,17,34,7,48,14,45,33,4,2,13,20,26,20,8,4,7,7,2,7,10,5,6,4,3,3,4,3,3,3,3,0,0,0,0,0,0,0,0,0,0,0,0,0,0,0,0,0,0,0,0,0,0,0,0,0,0,0,0,0,0,0,0,indexmiddle
1307,21,15,44,41,26,21,18,7,19,17,33,7,21,2,13,8,11,10,6,9,7,6,4,4,5,2,4,3,3,3,2,0,0,0,0,0,0,0,0,0,0,0,0,0,0,0,0,0,0,0,0,0,0,0,0,0,0,0,0,0,0,0,0,1316,8,48,35,34,30,26,28,20,46,6,15,26,15,12,5,17,16,9,3,5,3,4,1,2,2,2,2,2,1,1,1,0,0,0,0,0,0,0,0,0,0,0,0,0,0,0,0,0,0,0,0,0,0,0,0,0,0,0,0,0,0,0,0,1315,18,60,17,56,54,68,16,29,21,4,33,4,11,11,1,1,13,7,3,3,3,1,1,0,2,1,1,0,0,0,0,0,0,0,0,0,0,0,0,0,0,0,0,0,0,0,0,0,0,0,0,0,0,0,0,0,0,0,0,0,0,0,0,fist
1306,12,16,13,24,26,9,19,21,38,8,22,12,22,22,6,3,11,2,6,1,1,3,4,1,4,1,2,3,2,2,2,0,0,0,0,0,0,0,0,0,0,0,0,0,0,0,0,0,0,0,0,0,0,0,0,0,0,0,0,0,0,0,0,1325,3,28,27,41,14,24,15,16,52,17,22,13,9,12,12,7,12,1,5,1,2,0,2,1,1,0,1,1,0,0,1,0,0,0,0,0,0,0,0,0,0,0,0,0,0,0,0,0,0,0,0,0,0,0,0,0,0,0,0,0,0,0,0,1303,8,23,22,11,42,4,35,52,15,21,14,14,9,6,5,5,2,1,0,4,2,2,3,1,1,1,0,1,1,0,0,0,0,0,0,0,0,0,0,0,0,0,0,0,0,0,0,0,0,0,0,0,0,0,0,0,0,0,0,0,0,0,0,indexmiddle
1316,19,39,38,24,23,37,15,30,29,22,3,8,8,2,4,8,3,6,4,3,4,2,1,2,2,2,2,1,1,1,1,0,0,0,0,0,0,0,0,0,0,0,0,0,0,0,0,0,0,0,0,0,0,0,0,0,0,0,0,0,0,0,0,1315,13,30,28,42,16,15,16,15,13,37,15,20,10,10,0,1,5,2,2,2,4,3,1,2,2,2,1,1,1,1,1,0,0,0,0,0,0,0,0,0,0,0,0,0,0,0,0,0,0,0,0,0,0,0,0,0,0,0,0,0,0,0,0,1313,5,5,16,32,34,30,30,36,13,30,6,8,17,21,9,6,4,5,4,1,3,3,1,3,1,0,0,0,0,0,0,0,0,0,0,0,0,0,0,0,0,0,0,0,0,0,0,0,0,0,0,0,0,0,0,0,0,0,0,0,0,0,0,fist
1320,16,24,14,41,47,34,23,26,25,23,19,12,14,9,6,12,9,8,10,4,0,2,1,2,2,2,1,1,1,1,1,0,0,0,0,0,0,0,0,0,0,0,0,0,0,0,0,0,0,0,0,0,0,0,0,0,0,0,0,0,0,0,0,1311,18,45,42,39,14,12,21,43,24,23,28,11,12,5,5,10,4,3,9,0,2,2,2,1,0,0,0,0,0,0,0,0,0,0,0,0,0,0,0,0,0,0,0,0,0,0,0,0,0,0,0,0,0,0,0,0,0,0,0,0,0,0,0,1314,11,10,15,57,21,35,11,21,32,18,5,14,16,15,7,4,4,9,11,3,4,3,2,1,1,1,0,0,0,0,0,0,0,0,0,0,0,0,0,0,0,0,0,0,0,0,0,0,0,0,0,0,0,0,0,0,0,0,0,0,0,0,0,pinkythumb
1336,29,27,28,29,36,17,31,21,27,7,6,20,13,15,2,12,6,2,2,3,2,2,1,1,1,1,0,0,0,0,0,0,0,0,0,0,0,0,0,0,0,0,0,0,0,0,0,0,0,0,0,0,0,0,0,0,0,0,0,0,0,0,0,1312,10,47,30,26,16,20,37,23,13,30,16,10,9,7,11,5,6,3,4,1,0,5,0,1,1,1,1,1,1,1,1,0,0,0,0,0,0,0,0,0,0,0,0,0,0,0,0,0,0,0,0,0,0,0,0,0,0,0,0,0,0,0,0,1299,17,32,36,36,30,5,14,1,18,13,36,24,17,6,8,3,5,5,2,1,2,3,5,1,2,1,1,1,1,1,1,0,0,0,0,0,0,0,0,0,0,0,0,0,0,0,0,0,0,0,0,0,0,0,0,0,0,0,0,0,0,0,0,indexmiddle
1310,16,51,42,22,51,23,14,12,27,28,13,6,12,6,1,9,9,2,4,4,3,3,1,2,0,0,0,0,0,0,0,0,0,0,0,0,0,0,0,0,0,0,0,0,0,0,0,0,0,0,0,0,0,0,0,0,0,0,0,0,0,0,0,1309,17,25,20,21,28,28,38,48,7,14,9,14,17,18,8,15,17,0,7,2,4,4,1,1,0,0,0,0,0,0,0,0,0,0,0,0,0,0,0,0,0,0,0,0,0,0,0,0,0,0,0,0,0,0,0,0,0,0,0,0,0,0,0,1319,26,14,42,21,29,28,42,46,14,31,17,29,29,4,6,7,6,2,4,5,1,3,2,1,0,0,1,0,0,0,0,0,0,0,0,0,0,0,0,0,0,0,0,0,0,0,0,0,0,0,0,0,0,0,0,0,0,0,0,0,0,0,0,indexmiddle
1300,25,12,23,29,30,14,31,38,8,8,20,27,5,13,8,5,13,2,8,3,2,2,2,1,1,0,0,0,0,0,0,0,0,0,0,0,0,0,0,0,0,0,0,0,0,0,0,0,0,0,0,0,0,0,0,0,0,0,0,0,0,0,0,1309,17,54,16,16,25,35,24,32,28,28,7,11,15,7,15,6,5,6,4,1,4,1,1,0,2,1,0,0,0,0,0,0,0,0,0,0,0,0,0,0,0,0,0,0,0,0,0,0,0,0,0,0,0,0,0,0,0,0,0,0,0,0,0,1308,7,6,24,62,23,44,36,43,5,17,28,21,17,14,12,4,4,3,1,4,2,5,1,2,1,1,1,1,0,1,1,0,0,0,0,0,0,0,0,0,0,0,0,0,0,0,0,0,0,0,0,0,0,0,0,0,0,0,0,0,0,0,0,indexmiddle
1319,15,32,32,31,5,24,20,19,32,14,19,33,5,6,2,2,4,8,5,6,3,3,2,0,0,0,0,0,0,0,0,0,0,0,0,0,0,0,0,0,0,0,0,0,0,0,0,0,0,0,0,0,0,0,0,0,0,0,0,0,0,0,0,1327,26,24,31,24,42,14,15,29,38,15,0,37,7,11,3,4,13,9,3,14,6,9,5,7,7,3,4,4,3,3,3,0,0,0,0,0,0,0,0,0,0,0,0,0,0,0,0,0,0,0,0,0,0,0,0,0,0,0,0,0,0,0,0,1317,15,25,42,14,22,68,25,18,28,47,26,29,9,20,9,8,8,3,7,4,3,2,4,2,2,1,1,1,1,1,1,0,0,0,0,0,0,0,0,0,0,0,0,0,0,0,0,0,0,0,0,0,0,0,0,0,0,0,0,0,0,0,0,pinkythumb
1324,13,16,9,44,22,32,13,33,16,22,23,22,20,17,8,10,3,6,9,4,1,5,1,1,3,1,2,1,2,2,2,0,0,0,0,0,0,0,0,0,0,0,0,0,0,0,0,0,0,0,0,0,0,0,0,0,0,0,0,0,0,0,0,1318,11,27,44,50,13,27,34,21,44,42,23,17,16,15,15,7,1,5,4,3,1,3,4,3,3,2,2,2,2,2,2,0,0,0,0,0,0,0,0,0,0,0,0,0,0,0,0,0,0,0,0,0,0,0,0,0,0,0,0,0,0,0,0,1319,9,30,35,17,36,28,26,7,28,5,5,21,8,7,5,7,4,2,5,3,1,2,1,1,2,0,0,0,0,0,0,0,0,0,0,0,0,0,0,0,0,0,0,0,0,0,0,0,0,0,0,0,0,0,0,0,0,0,0,0,0,0,0,fist
1315,17,14,12,15,16,20,14,21,16,11,15,11,27,9,7,7,3,4,6,7,6,5,3,4,1,3,2,2,2,2,2,0,0,0,0,0,0,0,0,0,0,0,0,0,0,0,0,0,0,0,0,0,0,0,0,0,0,0,0,0,0,0,0,1314,7,36,13,4,54,52,18,32,31,36,24,22,8,3,2,11,6,12,4,3,1,0,2,1,0,1,0,0,0,0,0,0,0,0,0,0,0,0,0,0,0,0,0,0,0,0,0,0,0,0,0,0,0,0,0,0,0,0,0,0,0,0,0,1325,30,8,7,28,8,25,32,37,21,43,31,24,5,9,9,5,6,5,2,4,4,3,1,2,1,0,1,0,1,0,0,0,0,0,0,0,0,0,0,0,0,0,0,0,0,0,0,0,0,0,0,0,0,0,0,0,0,0,0,0,0,0,0,pinkythumb
1312,5,42,3,43,49,26,59,41,14,16,22,23,7,12,26,10,3,2,1,0,1,3,1,1,2,1,0,0,0,0,0,0,0,0,0,0,0,0,0,0,0,0,0,0,0,0,0,0,0,0,0,0,0,0,0,0,0,0,0,0,0,0,0,1309,22,14,16,9,15,26,22,31,29,12,8,5,11,10,3,2,7,2,4,4,2,0,2,2,1,0,1,1,1,0,1,0,0,0,0,0,0,0,0,0,0,0,0,0,0,0,0,0,0,0,0,0,0,0,0,0,0,0,0,0,0,0,0,1312,9,15,43,22,12,16,26,11,19,7,9,27,22,8,5,7,5,4,3,2,0,1,2,2,2,2,1,2,1,1,1,0,0,0,0,0,0,0,0,0,0,0,0,0,0,0,0,0,0,0,0,0,0,0,0,0,0,0,0,0,0,0,0,pinkythumb
1313,23,34,44,47,33,41,17,12,18,20,10,3,18,8,11,8,1,1,2,4,4,0,1,1,2,1,0,1,0,0,0,0,0,0,0,0,0,0,0,0,0,0,0,0,0,0,0,0,0,0,0,0,0,0,0,0,0,0,0,0,0,0,0,1317,14,30,50,40,10,21,16,5,15,22,27,5,15,15,10,3,7,5,9,2,2,1,3,0,1,1,1,0,0,0,1,0,0,0,0,0,0,0,0,0,0,0,0,0,0,0,0,0,0,0,0,0,0,0,0,0,0,0,0,0,0,0,0,1328,26,52,22,33,21,55,19,29,31,31,8,10,9,8,10,16,7,13,4,8,3,6,3,4,5,3,3,4,3,3,3,0,0,0,0,0,0,0,0,0,0,0,0,0,0,0,0,0,0,0,0,0,0,0,0,0,0,0,0,0,0,0,0,pinkythumb
1306,25,50,23,37,32,52,42,54,46,31,18,24,15,22,5,12,10,9,4,0,5,4,4,6,4,3,2,2,3,2,2,0,0,0,0,0,0,0,0,0,0,0,0,0,0,0,0,0,0,0,0,0,0,0,0,0,0,0,0,0,0,0,0,1313,6,43,57,4,69,50,31,46,19,31,22,19,5,15,12,4,4,8,8,4,3,0,2,0,1,1,1,1,1,1,0,0,0,0,0,0,0,0,0,0,0,0,0,0,0,0,0,0,0,0,0,0,0,0,0,0,0,0,0,0,0,0,0,1305,25,34,20,42,58,20,27,26,22,26,8,15,3,17,26,11,4,8,5,2,6,2,1,2,1,1,1,1,1,1,1,0,0,0,0,0,0,0,0,0,0,0,0,0,0,0,0,0,0,0,0,0,0,0,0,0,0,0,0,0,0,0,0,indexmiddle
1322,25,22,15,10,35,49,22,8,10,21,16,14,2,12,1,3,9,2,1,3,3,1,3,2,0,1,1,0,0,0,0,0,0,0,0,0,0,0,0,0,0,0,0,0,0,0,0,0,0,0,0,0,0,0,0,0,0,0,0,0,0,0,0,1320,20,27,21,57,14,21,17,80,39,23,36,8,11,10,11,8,4,3,1,4,1,1,1,0,0,1,0,0,0,0,0,0,0,0,0,0,0,0,0,0,0,0,0,0,0,0,0,0,0,0,0,0,0,0,0,0,0,0,0,0,0,0,0,1324,15,35,36,22,6,17,48,34,7,17,12,14,16,15,11,12,9,6,1,5,0,1,3,1,1,0,1,0,0,0,0,0,0,0,0,0,0,0,0,0,0,0,0,0,0,0,0,0,0,0,0,0,0,0,0,0,0,0,0,0,0,0,0,indexmiddle
1311,22,20,27,21,30,31,61,16,17,11,27,31,9,8,2,5,10,5,6,0,3,2,0,2,1,1,1,0,0,0,0,0,0,0,0,0,0,0,0,0,0,0,0,0,0,0,0,0,0,0,0,0,0,0,0,0,0,0,0,0,0,0,0,1318,9,5,24,32,25,19,16,28,13,15,34,3,7,14,4,10,9,5,4,6,2,6,3,3,3,4,3,3,2,3,3,0,0,0,0,0,0,0,0,0,0,0,0,0,0,0,0,0,0,0,0,0,0,0,0,0,0,0,0,0,0,0,0,1304,16,26,24,45,25,25,20,22,31,29,8,10,10,17,6,5,5,5,2,6,2,2,0,2,2,2,1,1,1,1,1,0,0,0,0,0,0,0,0,0,0,0,0,0,0,0,0,0,0,0,0,0,0,0,0,0,0,0,0,0,0,0,0,pinkythumb
1313,13,27,13,22,28,15,11,15,31,2,11,15,18,13,5,8,11,3,0,4,4,8,3,3,2,2,2,2,1,1,1,0,0,0,0,0,0,0,0,0,0,0,0,0,0,0,0,0,0,0,0,0,0,0,0,0,0,0,0,0,0,0,0,1312,3,7,13,2,33,47,18,41,19,16,8,15,5,14,15,10,8,6,3,5,4,2,0,1,0,1,1,1,1,1,1,0,0,0,0,0,0,0,0,0,0,0,0,0,0,0,0,0,0,0,0,0,0,0,0,0,0,0,0,0,0,0,0,1309,31,6,9,26,42,23,17,9,20,25,18,16,7,14,6,6,6,4,5,6,3,4,5,1,2,1,2,1,1,1,1,0,0,0,0,0,0,0,0,0,0,0,0,0,0,0,0,0,0,0,0,0,0,0,0,0,0,0,0,0,0,0,0,fist
1307,10,25,43,24,15,47,20,13,26,18,21,6,19,23,2,13,10,2,6,8,4,4,2,1,0,0,1,0,1,0,0,0,0,0,0,0,0,0,0,0,0,0,0,0,0,0,0,0,0,0,0,0,0,0,0,0,0,0,0,0,0,0,0,1324,22,21,23,55,20,32,20,17,24,12,9,11,6,26,11,2,5,1,4,5,3,2,2,1,1,1,1,1,1,1,1,0,0,0,0,0,0,0,0,0,0,0,0,0,0,0,0,0,0,0,0,0,0,0,0,0,0,0,0,0,0,0,0,1311,11,16,34,48,3,3,39,12,15,26,19,9,24,4,10,13,1,4,4,3,1,4,1,0,0,0,0,0,0,0,0,0,0,0,0,0,0,0,0,0,0,0,0,0,0,0,0,0,0,0,0,0,0,0,0,0,0,0,0,0,0,0,0,indexmiddle
1314,20,33,56,39,24,15,15,16,23,27,7,4,12,12,11,9,2,11,5,1,5,3,3,1,0,1,0,1,1,0,0,0,0,0,0,0,0,0,0,0,0,0,0,0,0,0,0,0,0,0,0,0,0,0,0,0,0,0,0,0,0,0,0,1308,40,19,7,9,14,33,12,13,15,22,9,24,13,8,6,10,2,3,6,5,4,2,3,4,2,4,2,2,2,2,2,0,0,0,0,0,0,0,0,0,0,0,0,0,0,0,0,0,0,0,0,0,0,0,0,0,0,0,0,0,0,0,0,1311,12,42,10,19,56,31,13,7,13,17,9,13,7,10,4,6,7,2,1,7,3,1,2,2,1,1,0,1,1,1,1,0,0,0,0,0,0,0,0,0,0,0,0,0,0,0,0,0,0,0,0,0,0,0,0,0,0,0,0,0,0,0,0,indexmiddle
1323,10,6,9,14,40,35,23,19,27,3,11,11,16,22,6,14,9,3,8,1,4,1,2,3,1,1,2,2,1,1,1,0,0,0,0,0,0,0,0,0,0,0,0,0,0,0,0,0,0,0,0,0,0,0,0,0,0,0,0,0,0,0,0,1322,28,66,22,20,8,31,34,15,37,9,7,20,2,13,7,5,2,2,7,4,1,2,5,3,2,2,2,1,2,1,2,0,0,0,0,0,0,0,0,0,0,0,0,0,0,0,0,0,0,0,0,0,0,0,0,0,0,0,0,0,0,0,0,1291,39,12,44,15,18,14,51,18,28,5,12,5,19,4,7,11,5,1,5,4,1,0,2,1,0,0,0,0,0,0,0,0,0,0,0,0,0,0,0,0,0,0,0,0,0,0,0,0,0,0,0,0,0,0,0,0,0,0,0,0,0,0,0,indexmiddle
1306,10,33,24,10,58,49,32,32,14,15,25,8,8,10,0,9,12,5,1,3,1,2,1,1,2,1,1,0,0,0,0,0,0,0,0,0,0,0,0,0,0,0,0,0,0,0,0,0,0,0,0,0,0,0,0,0,0,0,0,0,0,0,0,1322,24,36,12,53,33,21,27,64,8,19,21,13,9,14,11,4,2,1,1,2,6,2,0,0,2,2,2,1,1,1,1,0,0,0,0,0,0,0,0,0,0,0,0,0,0,0,0,0,0,0,0,0,0,0,0,0,0,0,0,0,0,0,0,1322,20,9,31,51,22,49,33,26,28,19,4,28,25,9,8,4,6,9,5,3,1,3,2,1,3,1,1,0,0,0,0,0,0,0,0,0,0,0,0,0,0,0,0,0,0,0,0,0,0,0,0,0,0,0,0,0,0,0,0,0,0,0,0,indexmiddle
1322,21,31,42,41,18,24,37,26,33,4,34,11,18,7,12,30,11,9,4,9,2,0,4,0,2,0,1,1,1,0,1,0,0,0,0,0,0,0,0,0,0,0,0,0,0,0,0,0,0,0,0,0,0,0,0,0,0,0,0,0,0,0,0,1324,24,33,76,51,34,5,15,18,29,18,21,24,43,5,4,3,8,7,3,7,3,3,5,3,5,4,2,2,2,2,2,0,0,0,0,0,0,0,0,0,0,0,0,0,0,0,0,0,0,0,0,0,0,0,0,0,0,0,0,0,0,0,0,1316,32,29,49,41,31,16,14,21,17,18,20,17,5,8,15,9,11,5,1,2,4,2,0,0,1,0,0,0,0,0,0,0,0,0,0,0,0,0,0,0,0,0,0,0,0,0,0,0,0,0,0,0,0,0,0,0,0,0,0,0,0,0,0,pinkythumb
1301,13,66,69,34,80,26,54,46,9,26,12,14,29,19,8,10,12,4,7,8,2,1,3,1,2,2,1,1,0,0,0,0,0,0,0,0,0,0,0,0,0,0,0,0,0,0,0,0,0,0,0,0,0,0,0,0,0,0,0,0,0,0,0,1317,8,26,32,13,55,42,47,15,9,19,21,18,17,15,11,3,7,1,13,2,2,1,2,2,1,1,1,1,1,1,1,0,0,0,0,0,0,0,0,0,0,0,0,0,0,0,0,0,0,0,0,0,0,0,0,0,0,0,0,0,0,0,0,1310,11,20,15,25,29,15,19,15,4,18,15,25,14,11,15,3,5,6,2,1,4,1,1,1,1,0,0,0,0,1,1,0,0,0,0,0,0,0,0,0,0,0,0,0,0,0,0,0,0,0,0,0,0,0,0,0,0,0,0,0,0,0,0,pinkythumb
1319,11,21,31,61,34,10,25,14,47,6,6,12,5,17,4,5,4,5,2,2,2,2,2,1,0,0,0,0,0,0,0,0,0,0,0,0,0,0,0,0,0,0,0,0,0,0,0,0,0,0,0,0,0,0,0,0,0,0,0,0,0,0,0,1314,1,19,35,27,58,13,10,22,10,13,7,33,2,8,5,13,5,9,4,5,5,2,3,3,2,1,1,1,1,2,1,0,0,0,0,0,0,0,0,0,0,0,0,0,0,0,0,0,0,0,0,0,0,0,0,0,0,0,0,0,0,0,0,1309,18,17,9,20,61,21,50,49,9,14,28,11,20,26,9,8,7,6,3,4,1,2,2,1,0,2,1,1,1,1,1,0,0,0,0,0,0,0,0,0,0,0,0,0,0,0,0,0,0,0,0,0,0,0,0,0,0,0,0,0,0,0,0,indexmiddle
1319,15,51,12,19,20,20,15,35,29,15,14,26,11,14,3,1,3,6,3,2,1,2,1,2,2,1,1,0,1,1,0,0,0,0,0,0,0,0,0,0,0,0,0,0,0,0,0,0,0,0,0,0,0,0,0,0,0,0,0,0,0,0,0,1317,4,20,49,21,20,23,13,18,27,11,19,9,10,2,11,9,4,2,1,3,4,4,2,2,0,2,1,1,1,1,1,0,0,0,0,0,0,0,0,0,0,0,0,0,0,0,0,0,0,0,0,0,0,0,0,0,0,0,0,0,0,0,0,1320,8,13,19,63,29,47,25,31,28,34,19,25,14,8,2,8,10,6,6,4,3,0,1,2,2,1,1,1,1,1,1,0,0,0,0,0,0,0,0,0,0,0,0,0,0,0,0,0,0,0,0,0,0,0,0,0,0,0,0,0,0,0,0,indexmiddle
1316,8,8,44,14,20,32,26,38,27,41,23,7,10,0,3,11,1,6,0,3,1,3,1,1,0,0,1,0,0,0,0,0,0,0,0,0,0,0,0,0,0,0,0,0,0,0,0,0,0,0,0,0,0,0,0,0,0,0,0,0,0,0,0,1314,24,17,23,37,12,41,13,51,7,19,22,18,21,13,19,11,2,7,2,8,2,4,4,2,3,3,2,2,2,2,2,0,0,0,0,0,0,0,0,0,0,0,0,0,0,0,0,0,0,0,0,0,0,0,0,0,0,0,0,0,0,0,0,1318,19,66,27,52,40,11,18,18,20,16,16,23,21,7,13,11,5,3,3,1,1,1,0,0,2,0,1,0,0,0,0,0,0,0,0,0,0,0,0,0,0,0,0,0,0,0,0,0,0,0,0,0,0,0,0,0,0,0,0,0,0,0,0,pinkythumb
1305,10,47,5,41,24,34,62,15,14,20,30,6,5,7,8,14,6,4,2,5,8,1,2,2,1,1,1,2,2,1,1,0,0,0,0,0,0,0,0,0,0,0,0,0,0,0,0,0,0,0,0,0,0,0,0,0,0,0,0,0,0,0,0,1319,3,26,8,20,35,2,38,30,28,22,10,10,25,1,4,5,4,2,3,5,2,2,1,1,0,1,0,0,0,0,0,0,0,0,0,0,0,0,0,0,0,0,0,0,0,0,0,0,0,0,0,0,0,0,0,0,0,0,0,0,0,0,0,1301,5,10,33,16,18,22,16,36,27,27,18,18,9,14,12,7,1,8,3,4,4,1,1,3,1,1,1,0,1,1,1,0,0,0,0,0,0,0,0,0,0,0,0,0,0,0,0,0,0,0,0,0,0,0,0,0,0,0,0,0,0,0,0,indexmiddle
1311,23,14,4,9,15,12,32,13,11,4,17,14,20,6,8,6,8,3,4,5,0,2,1,0,1,2,0,0,0,0,0,0,0,0,0,0,0,0,0,0,0,0,0,0,0,0,0,0,0,0,0,0,0,0,0,0,0,0,0,0,0,0,0,1308,17,7,77,59,31,15,43,39,28,25,7,5,5,5,10,8,8,10,1,6,6,4,2,3,2,2,3,2,2,2,2,0,0,0,0,0,0,0,0,0,0,0,0,0,0,0,0,0,0,0,0,0,0,0,0,0,0,0,0,0,0,0,0,1313,7,19,17,4,11,8,23,28,9,15,5,9,12,8,3,0,4,4,2,9,3,3,1,0,1,1,1,0,0,1,0,0,0,0,0,0,0,0,0,0,0,0,0,0,0,0,0,0,0,0,0,0,0,0,0,0,0,0,0,0,0,0,0,indexmiddle
1318,3,28,19,7,31,18,24,25,27,7,51,12,20,14,15,6,3,1,11,1,3,2,4,1,2,1,1,1,1,1,1,0,0,0,0,0,0,0,0,0,0,0,0,0,0,0,0,0,0,0,0,0,0,0,0,0,0,0,0,0,0,0,0,1311,6,14,56,36,42,9,28,70,21,8,21,13,43,4,6,7,15,6,6,2,3,5,0,2,0,0,0,1,0,0,0,0,0,0,0,0,0,0,0,0,0,0,0,0,0,0,0,0,0,0,0,0,0,0,0,0,0,0,0,0,0,0,0,1319,14,16,41,70,10,21,21,40,25,24,10,18,2,16,4,1,7,5,0,3,2,1,2,1,1,1,0,0,0,0,0,0,0,0,0,0,0,0,0,0,0,0,0,0,0,0,0,0,0,0,0,0,0,0,0,0,0,0,0,0,0,0,0,pinkythumb
1327,12,73,40,66,14,21,27,7,27,13,43,16,12,6,7,6,2,4,9,6,2,5,1,1,3,1,2,1,1,1,1,0,0,0,0,0,0,0,0,0,0,0,0,0,0,0,0,0,0,0,0,0,0,0,0,0,0,0,0,0,0,0,0,1316,12,24,18,18,77,26,8,23,48,10,12,12,22,19,11,11,11,7,8,2,4,4,3,1,3,1,2,1,1,1,1,0,0,0,0,0,0,0,0,0,0,0,0,0,0,0,0,0,0,0,0,0,0,0,0,0,0,0,0,0,0,0,0,1313,22,13,26,26,12,13,11,23,16,7,22,1,21,11,9,6,10,10,4,6,0,4,3,0,1,1,1,1,1,1,1,0,0,0,0,0,0,0,0,0,0,0,0,0,0,0,0,0,0,0,0,0,0,0,0,0,0,0,0,0,0,0,0,indexmiddle
1311,19,34,32,17,15,54,42,12,19,48,19,20,9,11,18,7,5,2,4,1,0,1,1,1,0,0,0,0,0,0,0,0,0,0,0,0,0,0,0,0,0,0,0,0,0,0,0,0,0,0,0,0,0,0,0,0,0,0,0,0,0,0,0,1330,38,24,29,35,17,28,30,31,40,40,25,35,23,8,13,12,8,12,2,4,7,8,7,2,4,5,5,4,3,3,4,0,0,0,0,0,0,0,0,0,0,0,0,0,0,0,0,0,0,0,0,0,0,0,0,0,0,0,0,0,0,0,0,1323,7,32,33,35,41,29,11,16,17,30,23,5,6,7,6,1,8,6,3,2,0,0,2,1,0,0,0,0,0,0,0,0,0,0,0,0,0,0,0,0,0,0,0,0,0,0,0,0,0,0,0,0,0,0,0,0,0,0,0,0,0,0,0,indexmiddle
1313,17,38,55,19,23,31,36,41,16,8,25,22,7,0,24,2,9,2,5,5,4,4,4,1,1,0,1,1,1,1,1,0,0,0,0,0,0,0,0,0,0,0,0,0,0,0,0,0,0,0,0,0,0,0,0,0,0,0,0,0,0,0,0,1318,8,32,53,33,47,59,3,44,19,31,13,12,11,16,8,3,7,6,5,3,2,1,1,2,0,1,1,1,0,0,1,0,0,0,0,0,0,0,0,0,0,0,0,0,0,0,0,0,0,0,0,0,0,0,0,0,0,0,0,0,0,0,0,1306,19,25,24,48,46,36,49,27,30,4,18,26,11,15,1,7,3,1,9,3,5,2,6,3,2,2,3,2,1,1,1,0,0,0,0,0,0,0,0,0,0,0,0,0,0,0,0,0,0,0,0,0,0,0,0,0,0,0,0,0,0,0,0,indexmiddle
1323,13,20,21,51,21,12,11,12,31,2,18,16,11,6,5,2,0,8,5,4,0,6,2,2,3,1,1,1,0,1,1,0,0,0,0,0,0,0,0,0,0,0,0,0,0,0,0,0,0,0,0,0,0,0,0,0,0,0,0,0,0,0,0,1327,20,18,50,31,30,30,6,12,7,17,15,20,27,8,8,5,8,4,4,2,1,1,4,0,0,0,0,0,0,0,0,0,0,0,0,0,0,0,0,0,0,0,0,0,0,0,0,0,0,0,0,0,0,0,0,0,0,0,0,0,0,0,0,1320,9,22,27,20,20,26,15,11,25,18,10,14,11,10,15,16,8,3,4,4,4,3,4,2,2,0,1,2,1,1,1,0,0,0,0,0,0,0,0,0,0,0,0,0,0,0,0,0,0,0,0,0,0,0,0,0,0,0,0,0,0,0,0,pinkythumb
1322,22,18,30,28,54,11,7,16,12,4,23,35,12,10,10,11,11,2,6,1,0,3,1,2,2,1,1,1,1,1,1,0,0,0,0,0,0,0,0,0,0,0,0,0,0,0,0,0,0,0,0,0,0,0,0,0,0,0,0,0,0,0,0,1319,22,43,37,29,21,22,45,27,23,10,6,14,12,23,13,5,3,3,9,2,3,1,0,1,1,1,1,0,0,0,0,0,0,0,0,0,0,0,0,0,0,0,0,0,0,0,0,0,0,0,0,0,0,0,0,0,0,0,0,0,0,0,0,1297,15,32,22,23,40,5,25,14,25,18,23,9,24,4,12,12,13,3,4,7,6,3,4,3,4,2,2,2,2,2,2,0,0,0,0,0,0,0,0,0,0,0,0,0,0,0,0,0,0,0,0,0,0,0,0,0,0,0,0,0,0,0,0,pinkythumb
1315,14,14,37,12,4,6,40,35,33,13,15,11,12,4,24,3,4,4,8,3,3,2,2,1,2,1,0,1,1,1,1,0,0,0,0,0,0,0,0,0,0,0,0,0,0,0,0,0,0,0,0,0,0,0,0,0,0,0,0,0,0,0,0,1325,24,13,49,28,35,19,13,26,23,8,33,12,8,9,9,12,1,6,4,1,6,4,2,1,1,2,1,1,1,1,1,0,0,0,0,0,0,0,0,0,0,0,0,0,0,0,0,0,0,0,0,0,0,0,0,0,0,0,0,0,0,0,0,1302,11,8,7,9,21,18,11,28,43,17,9,20,10,12,13,3,1,9,2,3,4,0,0,3,3,1,2,1,1,1,1,0,0,0,0,0,0,0,0,0,0,0,0,0,0,0,0,0,0,0,0,0,0,0,0,0,0,0,0,0,0,0,0,fist
1319,29,54,52,38,48,13,48,2,10,8,7,26,7,18,10,12,4,4,4,1,2,2,6,1,2,2,2,2,2,2,2,0,0,0,0,0,0,0,0,0,0,0,0,0,0,0,0,0,0,0,0,0,0,0,0,0,0,0,0,0,0,0,0,1320,10,16,13,49,38,21,26,17,16,20,7,14,5,18,13,12,4,4,8,4,1,3,3,3,5,2,2,2,2,2,2,0,0,0,0,0,0,0,0,0,0,0,0,0,0,0,0,0,0,0,0,0,0,0,0,0,0,0,0,0,0,0,0,1310,25,18,32,62,51,35,15,16,19,25,8,28,10,7,5,13,7,3,12,5,3,5,2,3,2,1,2,2,1,1,2,0,0,0,0,0,0,0,0,0,0,0,0,0,0,0,0,0,0,0,0,0,0,0,0,0,0,0,0,0,0,0,0,indexmiddle
1325,18,55,35,2,34,30,23,32,12,12,35,19,23,1,8,11,8,5,5,1,2,2,1,0,1,0,0,0,0,1,0,0,0,0,0,0,0,0,0,0,0,0,0,0,0,0,0,0,0,0,0,0,0,0,0,0,0,0,0,0,0,0,0,1315,27,31,29,6,70,18,5,20,36,21,29,12,11,1,6,7,2,4,8,2,1,3,0,1,1,1,0,0,0,0,0,0,0,0,0,0,0,0,0,0,0,0,0,0,0,0,0,0,0,0,0,0,0,0,0,0,0,0,0,0,0,0,0,1332,17,35,16,21,32,39,24,23,29,51,24,13,10,12,19,8,5,5,3,5,6,1,4,1,2,1,0,0,0,0,0,0,0,0,0,0,0,0,0,0,0,0,0,0,0,0,0,0,0,0,0,0,0,0,0,0,0,0,0,0,0,0,0,fist
1328,31,78,13,11,36,40,11,26,40,6,13,8,3,15,23,14,8,2,3,4,6,4,5,3,3,3,3,3,2,2,2,0,0,0,0,0,0,0,0,0,0,0,0,0,0,0,0,0,0,0,0,0,0,0,0,0,0,0,0,0,0,0,0,1299,26,30,23,29,28,19,28,11,17,31,9,13,19,8,9,3,12,6,4,3,4,3,1,0,2,0,0,0,0,0,0,0,0,0,0,0,0,0,0,0,0,0,0,0,0,0,0,0,0,0,0,0,0,0,0,0,0,0,0,0,0,0,0,1310,10,48,51,29,41,17,34,23,21,10,21,18,28,13,6,7,12,5,4,2,2,2,2,0,1,2,2,1,1,1,1,0,0,0,0,0,0,0,0,0,0,0,0,0,0,0,0,0,0,0,0,0,0,0,0,0,0,0,0,0,0,0,0,pinkythumb
1306,8,26,42,35,38,17,30,19,15,8,15,3,5,0,3,5,0,3,6,0,1,2,0,0,0,0,0,1,0,0,0,0,0,0,0,0,0,0,0,0,0,0,0,0,0,0,0,0,0,0,0,0,0,0,0,0,0,0,0,0,0,0,0,1317,12,13,59,20,31,40,20,32,17,13,24,8,9,13,5,13,3,2,3,0,3,1,2,2,0,0,0,0,0,0,0,0,0,0,0,0,0,0,0,0,0,0,0,0,0,0,0,0,0,0,0,0,0,0,0,0,0,0,0,0,0,0,0,1311,20,6,43,26,32,48,5,11,51,30,13,11,5,14,17,7,8,6,6,4,4,2,0,3,2,1,1,1,1,0,1,0,0,0,0,0,0,0,0,0,0,0,0,0,0,0,0,0,0,0,0,0,0,0,0,0,0,0,0,0,0,0,0,indexmiddle
1327,35,10,28,77,8,32,51,13,40,19,12,2,28,25,12,4,12,3,3,2,0,5,0,1,0,0,1,0,0,0,0,0,0,0,0,0,0,0,0,0,0,0,0,0,0,0,0,0,0,0,0,0,0,0,0,0,0,0,0,0,0,0,0,1313,3,14,22,30,27,14,28,35,26,25,18,6,8,6,11,13,5,3,5,5,6,5,2,3,2,2,2,3,3,3,2,0,0,0,0,0,0,0,0,0,0,0,0,0,0,0,0,0,0,0,0,0,0,0,0,0,0,0,0,0,0,0,0,1313,12,20,34,44,23,26,15,40,18,24,23,33,17,11,4,6,11,9,3,6,4,3,2,1,0,0,0,0,0,0,0,0,0,0,0,0,0,0,0,0,0,0,0,0,0,0,0,0,0,0,0,0,0,0,0,0,0,0,0,0,0,0,0,pinkythumb
1320,14,10,22,7,30,8,14,24,20,8,19,10,15,12,6,7,4,2,4,2,1,1,3,3,2,1,1,1,1,1,1,0,0,0,0,0,0,0,0,0,0,0,0,0,0,0,0,0,0,0,0,0,0,0,0,0,0,0,0,0,0,0,0,1315,8,22,14,32,42,12,8,24,23,17,2,8,6,11,16,15,12,5,7,3,2,1,2,2,1,1,1,1,1,1,1,0,0,0,0,0,0,0,0,0,0,0,0,0,0,0,0,0,0,0,0,0,0,0,0,0,0,0,0,0,0,0,0,1320,34,22,28,26,35,32,37,24,13,26,7,12,8,19,3,14,6,8,3,1,5,2,2,0,1,0,1,1,0,0,0,0,0,0,0,0,0,0,0,0,0,0,0,0,0,0,0,0,0,0,0,0,0,0,0,0,0,0,0,0,0,0,0,indexmiddle
1302,21,27,27,12,62,17,13,3,17,32,17,11,9,4,16,10,4,4,4,2,1,1,2,1,0,1,1,0,0,0,0,0,0,0,0,0,0,0,0,0,0,0,0,0,0,0,0,0,0,0,0,0,0,0,0,0,0,0,0,0,0,0,0,1318,13,26,11,23,15,42,21,29,32,41,6,33,5,14,6,9,4,5,4,3,3,2,1,1,0,0,0,0,0,0,0,0,0,0,0,0,0,0,0,0,0,0,0,0,0,0,0,0,0,0,0,0,0,0,0,0,0,0,0,0,0,0,0,1325,30,33,29,21,30,12,47,35,6,19,12,18,17,8,5,7,7,5,4,1,1,0,2,0,1,0,0,0,0,0,0,0,0,0,0,0,0,0,0,0,0,0,0,0,0,0,0,0,0,0,0,0,0,0,0,0,0,0,0,0,0,0,0,indexmiddle
1323,19,8,56,14,1,6,19,27,11,9,7,5,8,17,9,7,6,3,5,0,4,3,0,2,1,0,0,0,0,0,0,0,0,0,0,0,0,0,0,0,0,0,0,0,0,0,0,0,0,0,0,0,0,0,0,0,0,0,0,0,0,0,0,1305,19,17,41,9,22,30,16,11,12,25,1,16,32,12,11,7,4,7,3,0,4,0,3,1,2,1,2,1,1,1,1,0,0,0,0,0,0,0,0,0,0,0,0,0,0,0,0,0,0,0,0,0,0,0,0,0,0,0,0,0,0,0,0,1311,13,24,33,30,28,26,36,33,60,21,7,20,32,8,25,12,5,14,4,4,8,9,7,7,7,5,6,5,5,5,5,0,0,0,0,0,0,0,0,0,0,0,0,0,0,0,0,0,0,0,0,0,0,0,0,0,0,0,0,0,0,0,0,fist
1324,28,15,20,29,19,37,57,23,25,13,14,12,24,4,13,10,14,8,2,8,5,1,4,4,2,2,3,2,2,2,2,0,0,0,0,0,0,0,0,0,0,0,0,0,0,0,0,0,0,0,0,0,0,0,0,0,0,0,0,0,0,0,0,1323,13,37,16,23,26,55,58,27,20,48,3,18,6,6,11,10,4,3,5,6,0,1,1,2,0,0,0,0,0,0,0,0,0,0,0,0,0,0,0,0,0,0,0,0,0,0,0,0,0,0,0,0,0,0,0,0,0,0,0,0,0,0,0,1315,7,22,34,34,41,43,9,15,24,9,21,19,18,16,8,8,9,8,3,5,6,2,1,3,1,1,2,1,1,1,1,0,0,0,0,0,0,0,0,0,0,0,0,0,0,0,0,0,0,0,0,0,0,0,0,0,0,0,0,0,0,0,0,indexmiddle
1314,8,11,29,22,49,21,18,21,16,29,8,10,21,7,6,4,6,5,5,2,2,5,4,4,1,2,1,0,1,1,1,0,0,0,0,0,0,0,0,0,0,0,0,0,0,0,0,0,0,0,0,0,0,0,0,0,0,0,0,0,0,0,0,1315,20,14,23,25,25,42,36,53,34,38,11,18,6,7,6,0,4,6,4,0,3,2,1,0,1,1,0,1,1,0,1,0,0,0,0,0,0,0,0,0,0,0,0,0,0,0,0,0,0,0,0,0,0,0,0,0,0,0,0,0,0,0,0,1315,21,5,76,27,12,17,23,44,20,17,5,11,19,5,9,9,7,7,1,1,3,4,4,2,2,2,2,2,2,2,1,0,0,0,0,0,0,0,0,0,0,0,0,0,0,0,0,0,0,0,0,0,0,0,0,0,0,0,0,0,0,0,0,pinkythumb
1310,17,7,43,35,27,16,32,38,32,10,12,26,16,8,8,14,9,4,3,2,6,2,2,2,0,0,0,0,0,0,0,0,0,0,0,0,0,0,0,0,0,0,0,0,0,0,0,0,0,0,0,0,0,0,0,0,0,0,0,0,0,0,0,1315,22,65,26,53,22,4,20,29,18,15,4,18,11,5,9,4,10,6,8,4,3,5,2,2,2,2,2,1,1,1,1,0,0,0,0,0,0,0,0,0,0,0,0,0,0,0,0,0,0,0,0,0,0,0,0,0,0,0,0,0,0,0,0,1316,18,65,5,13,25,17,47,10,24,21,3,9,32,6,11,4,8,7,2,1,0,3,0,1,0,0,0,0,0,0,0,0,0,0,0,0,0,0,0,0,0,0,0,0,0,0,0,0,0,0,0,0,0,0,0,0,0,0,0,0,0,0,0,fist
1307,24,16,14,23,16,43,9,39,18,14,9,8,10,8,15,10,9,4,1,4,2,2,2,1,1,1,0,0,0,0,0,0,0,0,0,0,0,0,0,0,0,0,0,0,0,0,0,0,0,0,0,0,0,0,0,0,0,0,0,0,0,0,0,1302,25,20,39,43,34,27,42,40,7,28,18,29,15,13,23,10,3,5,4,2,4,0,1,3,0,2,1,1,1,1,1,0,0,0,0,0,0,0,0,0,0,0,0,0,0,0,0,0,0,0,0,0,0,0,0,0,0,0,0,0,0,0,0,1330,42,23,29,63,54,58,16,48,25,12,11,35,35,9,6,2,5,6,7,5,5,2,1,4,1,0,0,0,0,0,0,0,0,0,0,0,0,0,0,0,0,0,0,0,0,0,0,0,0,0,0,0,0,0,0,0,0,0,0,0,0,0,0,pinkythumb
1305,25,42,70,13,18,20,9,36,13,12,36,7,21,3,11,3,11,5,2,4,1,3,1,3,1,1,1,0,0,0,0,0,0,0,0,0,0,0,0,0,0,0,0,0,0,0,0,0,0,0,0,0,0,0,0,0,0,0,0,0,0,0,0,1311,17,15,29,17,25,20,8,17,16,32,15,16,5,7,13,12,3,11,10,3,6,1,1,2,2,3,2,2,2,2,2,0,0,0,0,0,0,0,0,0,0,0,0,0,0,0,0,0,0,0,0,0,0,0,0,0,0,0,0,0,0,0,0,1318,16,18,19,9,45,16,28,46,32,23,16,13,16,7,11,3,6,4,5,5,3,2,1,1,1,2,1,1,1,1,1,0,0,0,0,0,0,0,0,0,0,0,0,0,0,0,0,0,0,0,0,0,0,0,0,0,0,0,0,0,0,0,0,indexmiddle
1322,25,43,38,14,43,72,26,11,18,31,25,7,11,13,10,8,10,13,9,6,4,4,7,4,4,4,4,4,4,3,3,0,0,0,0,0,0,0,0,0,0,0,0,0,0,0,0,0,0,0,0,0,0,0,0,0,0,0,0,0,0,0,0,1320,7,20,14,28,7,18,37,38,12,23,7,24,36,15,3,12,17,12,3,3,3,7,5,4,4,3,4,3,3,3,3,0,0,0,0,0,0,0,0,0,0,0,0,0,0,0,0,0,0,0,0,0,0,0,0,0,0,0,0,0,0,0,0,1306,20,16,44,12,26,35,20,7,21,22,13,11,2,11,11,9,5,7,4,6,1,1,0,0,0,1,0,0,0,0,0,0,0,0,0,0,0,0,0,0,0,0,0,0,0,0,0,0,0,0,0,0,0,0,0,0,0,0,0,0,0,0,0,indexmiddle
1312,21,14,14,28,24,34,29,47,34,19,35,38,11,12,12,16,4,6,6,3,8,2,2,1,1,2,1,1,1,1,1,0,0,0,0,0,0,0,0,0,0,0,0,0,0,0,0,0,0,0,0,0,0,0,0,0,0,0,0,0,0,0,0,1316,9,7,17,28,73,36,10,6,31,6,19,11,9,16,2,5,1,3,3,0,4,3,4,2,3,1,1,1,1,1,1,0,0,0,0,0,0,0,0,0,0,0,0,0,0,0,0,0,0,0,0,0,0,0,0,0,0,0,0,0,0,0,0,1319,12,57,23,49,20,49,29,7,56,37,17,15,16,12,22,5,15,4,14,10,2,6,2,3,1,3,1,1,1,1,1,0,0,0,0,0,0,0,0,0,0,0,0,0,0,0,0,0,0,0,0,0,0,0,0,0,0,0,0,0,0,0,0,fist
1324,22,24,26,27,27,25,13,21,10,9,22,10,13,18,6,2,11,2,5,2,3,1,2,2,0,0,0,0,0,0,0,0,0,0,0,0,0,0,0,0,0,0,0,0,0,0,0,0,0,0,0,0,0,0,0,0,0,0,0,0,0,0,0,1306,24,5,15,37,43,49,18,21,15,33,21,1,17,26,16,21,17,19,9,14,9,14,9,10,8,9,8,7,7,6,6,0,0,0,0,0,0,0,0,0,0,0,0,0,0,0,0,0,0,0,0,0,0,0,0,0,0,0,0,0,0,0,0,1310,15,27,26,92,34,9,36,53,16,14,3,18,6,6,10,14,6,4,1,9,4,3,3,2,0,1,0,1,0,0,0,0,0,0,0,0,0,0,0,0,0,0,0,0,0,0,0,0,0,0,0,0,0,0,0,0,0,0,0,0,0,0,0,fist
1315,11,62,5,57,3,20,10,18,20,20,6,10,13,3,18,3,9,7,3,9,1,2,0,1,4,1,1,0,0,0,0,0,0,0,0,0,0,0,0,0,0,0,0,0,0,0,0,0,0,0,0,0,0,0,0,0,0,0,0,0,0,0,0,1313,19,35,17,48,28,22,31,15,10,15,17,2,17,4,7,6,6,3,7,4,2,3,3,2,2,3,2,2,1,1,1,0,0,0,0,0,0,0,0,0,0,0,0,0,0,0,0,0,0,0,0,0,0,0,0,0,0,0,0,0,0,0,0,1322,13,14,4,18,40,22,12,20,9,11,11,19,15,3,12,3,2,5,3,3,0,0,2,2,1,0,0,1,0,0,0,0,0,0,0,0,0,0,0,0,0,0,0,0,0,0,0,0,0,0,0,0,0,0,0,0,0,0,0,0,0,0,0,indexmiddle
1318,15,27,25,29,27,19,17,13,27,21,15,20,14,4,13,4,9,2,4,1,0,1,1,1,0,1,0,0,0,0,0,0,0,0,0,0,0,0,0,0,0,0,0,0,0,0,0,0,0,0,0,0,0,0,0,0,0,0,0,0,0,0,0,1311,11,14,16,39,43,37,47,28,65,31,12,38,9,16,19,5,10,2,10,3,2,4,1,2,3,2,2,2,2,2,2,0,0,0,0,0,0,0,0,0,0,0,0,0,0,0,0,0,0,0,0,0,0,0,0,0,0,0,0,0,0,0,0,1320,34,12,48,13,4,3,30,23,12,19,12,11,7,16,10,0,8,7,6,5,4,4,2,4,1,2,1,1,1,1,1,0,0,0,0,0,0,0,0,0,0,0,0,0,0,0,0,0,0,0,0,0,0,0,0,0,0,0,0,0,0,0,0,fist
1324,24,36,44,0,17,44,48,60,27,38,21,24,8,20,11,10,4,8,6,3,1,2,1,0,1,1,1,0,0,0,0,0,0,0,0,0,0,0,0,0,0,0,0,0,0,0,0,0,0,0,0,0,0,0,0,0,0,0,0,0,0,0,0,1319,33,20,45,12,11,24,33,26,39,24,6,18,15,10,9,7,7,5,1,0,4,2,2,0,1,1,0,0,0,0,0,0,0,0,0,0,0,0,0,0,0,0,0,0,0,0,0,0,0,0,0,0,0,0,0,0,0,0,0,0,0,0,0,1312,15,7,33,3,57,30,11,4,30,12,25,12,9,10,5,11,0,9,4,2,4,3,1,1,0,0,1,0,0,0,0,0,0,0,0,0,0,0,0,0,0,0,0,0,0,0,0,0,0,0,0,0,0,0,0,0,0,0,0,0,0,0,0,indexmiddle
1309,16,32,20,19,55,50,13,23,59,17,14,17,5,14,8,6,16,8,8,2,2,3,0,1,0,0,0,0,0,0,0,0,0,0,0,0,0,0,0,0,0,0,0,0,0,0,0,0,0,0,0,0,0,0,0,0,0,0,0,0,0,0,0,1305,18,24,47,20,9,8,47,41,36,24,41,14,24,6,11,13,1,3,5,2,2,2,1,0,0,0,1,0,0,0,0,0,0,0,0,0,0,0,0,0,0,0,0,0,0,0,0,0,0,0,0,0,0,0,0,0,0,0,0,0,0,0,0,1301,14,14,30,17,22,49,8,5,26,29,8,4,25,17,10,8,5,7,4,9,6,1,2,3,2,3,3,2,2,2,2,0,0,0,0,0,0,0,0,0,0,0,0,0,0,0,0,0,0,0,0,0,0,0,0,0,0,0,0,0,0,0,0,indexmiddle
1309,13,20,26,26,11,4,12,47,69,8,21,25,18,8,6,2,11,7,5,2,2,0,4,2,2,0,0,0,0,0,0,0,0,0,0,0,0,0,0,0,0,0,0,0,0,0,0,0,0,0,0,0,0,0,0,0,0,0,0,0,0,0,0,1295,37,35,45,11,32,17,21,9,5,7,17,9,26,8,4,11,9,9,6,2,2,3,1,0,1,0,0,0,0,0,0,0,0,0,0,0,0,0,0,0,0,0,0,0,0,0,0,0,0,0,0,0,0,0,0,0,0,0,0,0,0,0,0,1317,3,36,38,3,42,14,33,17,24,9,19,22,19,20,5,8,5,6,1,1,3,4,1,1,2,1,2,1,1,1,1,0,0,0,0,0,0,0,0,0,0,0,0,0,0,0,0,0,0,0,0,0,0,0,0,0,0,0,0,0,0,0,0,indexmiddle
1327,21,32,78,8,15,11,20,12,23,7,39,7,22,4,10,8,4,1,5,7,5,5,4,3,3,3,2,3,2,2,2,0,0,0,0,0,0,0,0,0,0,0,0,0,0,0,0,0,0,0,0,0,0,0,0,0,0,0,0,0,0,0,0,1321,16,15,51,2,35,4,30,29,15,13,15,25,9,13,13,13,5,3,4,3,5,3,5,5,3,3,2,2,2,2,2,0,0,0,0,0,0,0,0,0,0,0,0,0,0,0,0,0,0,0,0,0,0,0,0,0,0,0,0,0,0,0,0,1317,33,34,21,14,50,49,20,7,19,20,22,19,25,6,5,18,16,3,4,5,5,4,3,1,4,2,1,2,2,2,2,0,0,0,0,0,0,0,0,0,0,0,0,0,0,0,0,0,0,0,0,0,0,0,0,0,0,0,0,0,0,0,0,indexmiddle
1316,14,59,36,12,24,9,30,11,40,16,15,29,25,22,14,4,5,5,5,3,1,2,2,1,1,0,0,0,0,0,0,0,0,0,0,0,0,0,0,0,0,0,0,0,0,0,0,0,0,0,0,0,0,0,0,0,0,0,0,0,0,0,0,1323,28,18,33,57,40,41,21,18,35,20,19,8,6,23,11,6,4,2,4,8,4,1,2,4,4,2,2,3,2,2,2,0,0,0,0,0,0,0,0,0,0,0,0,0,0,0,0,0,0,0,0,0,0,0,0,0,0,0,0,0,0,0,0,1310,23,21,37,25,39,9,48,19,48,11,14,7,10,7,10,4,2,5,2,5,2,3,2,0,0,0,0,0,0,0,0,0,0,0,0,0,0,0,0,0,0,0,0,0,0,0,0,0,0,0,0,0,0,0,0,0,0,0,0,0,0,0,0,indexmiddle
1330,49,5,52,17,19,29,11,33,6,35,15,7,12,9,4,12,6,3,5,2,6,6,3,0,3,1,1,1,0,0,1,0,0,0,0,0,0,0,0,0,0,0,0,0,0,0,0,0,0,0,0,0,0,0,0,0,0,0,0,0,0,0,0,1321,16,54,21,66,24,22,10,43,14,9,9,12,2,22,3,14,2,3,5,1,5,2,2,2,1,1,1,1,1,0,0,0,0,0,0,0,0,0,0,0,0,0,0,0,0,0,0,0,0,0,0,0,0,0,0,0,0,0,0,0,0,0,0,1322,11,10,24,39,27,23,18,30,23,12,11,14,1,3,5,5,6,0,0,0,4,2,1,3,0,1,0,0,0,0,0,0,0,0,0,0,0,0,0,0,0,0,0,0,0,0,0,0,0,0,0,0,0,0,0,0,0,0,0,0,0,0,0,pinkythumb
1325,7,55,43,29,47,23,36,13,13,14,16,6,10,16,12,11,10,7,4,1,3,7,1,3,3,1,1,1,1,1,1,0,0,0,0,0,0,0,0,0,0,0,0,0,0,0,0,0,0,0,0,0,0,0,0,0,0,0,0,0,0,0,0,1318,20,49,27,11,6,46,28,19,19,9,9,20,23,18,5,7,6,5,3,1,4,1,3,1,1,1,0,0,0,0,0,0,0,0,0,0,0,0,0,0,0,0,0,0,0,0,0,0,0,0,0,0,0,0,0,0,0,0,0,0,0,0,0,1309,32,24,52,17,60,7,31,31,5,4,7,8,17,12,17,3,3,1,1,3,2,1,3,1,0,1,0,0,0,0,0,0,0,0,0,0,0,0,0,0,0,0,0,0,0,0,0,0,0,0,0,0,0,0,0,0,0,0,0,0,0,0,0,fist
1324,4,31,22,10,42,28,37,19,15,33,13,26,26,32,9,12,8,10,4,7,6,2,4,1,3,1,1,2,2,1,2,0,0,0,0,0,0,0,0,0,0,0,0,0,0,0,0,0,0,0,0,0,0,0,0,0,0,0,0,0,0,0,0,1318,16,18,17,34,30,26,19,42,26,23,14,15,22,6,2,11,4,1,2,1,6,2,2,1,2,1,2,0,0,0,0,0,0,0,0,0,0,0,0,0,0,0,0,0,0,0,0,0,0,0,0,0,0,0,0,0,0,0,0,0,0,0,0,1322,12,13,38,22,35,0,11,47,29,16,20,15,5,12,6,14,5,4,10,11,2,0,1,1,2,1,1,1,1,1,1,0,0,0,0,0,0,0,0,0,0,0,0,0,0,0,0,0,0,0,0,0,0,0,0,0,0,0,0,0,0,0,0,pinkythumb
1309,14,25,34,12,45,36,29,4,15,7,25,11,6,18,9,7,6,11,5,1,5,2,0,2,1,1,0,0,0,0,0,0,0,0,0,0,0,0,0,0,0,0,0,0,0,0,0,0,0,0,0,0,0,0,0,0,0,0,0,0,0,0,0,1313,33,22,36,26,36,39,26,26,55,16,29,22,4,8,16,9,2,6,6,2,3,2,3,3,0,0,1,1,1,1,1,0,0,0,0,0,0,0,0,0,0,0,0,0,0,0,0,0,0,0,0,0,0,0,0,0,0,0,0,0,0,0,0,1325,24,16,39,31,8,13,17,25,47,28,5,32,19,20,8,3,7,2,2,2,3,0,1,1,1,1,0,0,0,0,0,0,0,0,0,0,0,0,0,0,0,0,0,0,0,0,0,0,0,0,0,0,0,0,0,0,0,0,0,0,0,0,0,pinkythumb
1318,14,33,25,24,21,26,45,18,33,60,21,24,13,22,7,3,4,4,0,0,3,3,1,0,0,2,1,0,0,0,0,0,0,0,0,0,0,0,0,0,0,0,0,0,0,0,0,0,0,0,0,0,0,0,0,0,0,0,0,0,0,0,0,1311,7,21,51,20,23,58,33,6,26,18,22,15,10,8,5,1,2,3,8,7,3,2,0,1,1,1,0,0,0,0,0,0,0,0,0,0,0,0,0,0,0,0,0,0,0,0,0,0,0,0,0,0,0,0,0,0,0,0,0,0,0,0,0,1306,19,17,36,11,21,10,23,7,28,21,14,19,16,6,11,1,12,7,2,1,0,1,2,1,1,0,0,1,0,0,0,0,0,0,0,0,0,0,0,0,0,0,0,0,0,0,0,0,0,0,0,0,0,0,0,0,0,0,0,0,0,0,0,fist
1302,17,38,13,24,13,43,78,40,7,6,6,17,15,10,8,12,7,8,12,2,0,1,3,2,1,0,1,0,0,1,1,0,0,0,0,0,0,0,0,0,0,0,0,0,0,0,0,0,0,0,0,0,0,0,0,0,0,0,0,0,0,0,0,1314,20,21,4,7,15,5,19,19,38,37,13,5,19,3,7,13,7,8,4,6,2,1,2,3,2,3,2,2,2,2,2,0,0,0,0,0,0,0,0,0,0,0,0,0,0,0,0,0,0,0,0,0,0,0,0,0,0,0,0,0,0,0,0,1322,13,50,23,30,1,13,30,20,43,25,11,10,28,15,15,10,14,0,6,6,6,0,1,0,0,1,1,0,0,0,0,0,0,0,0,0,0,0,0,0,0,0,0,0,0,0,0,0,0,0,0,0,0,0,0,0,0,0,0,0,0,0,0,pinkythumb
1319,25,23,15,24,38,38,22,29,26,10,23,30,21,13,3,3,5,9,3,4,3,2,4,2,2,3,1,2,2,1,1,0,0,0,0,0,0,0,0,0,0,0,0,0,0,0,0,0,0,0,0,0,0,0,0,0,0,0,0,0,0,0,0,1320,21,36,51,13,22,7,28,18,12,20,28,10,4,12,6,18,3,1,4,3,2,0,1,1,2,2,0,1,1,1,1,0,0,0,0,0,0,0,0,0,0,0,0,0,0,0,0,0,0,0,0,0,0,0,0,0,0,0,0,0,0,0,0,1329,22,46,40,13,29,38,20,24,16,23,17,16,1,15,20,5,5,8,4,4,3,3,3,1,4,4,3,2,2,2,2,0,0,0,0,0,0,0,0,0,0,0,0,0,0,0,0,0,0,0,0,0,0,0,0,0,0,0,0,0,0,0,0,pinkythumb
1322,16,60,25,35,39,33,80,22,17,22,18,12,34,18,19,15,9,3,4,7,5,3,3,1,1,1,0,0,0,0,0,0,0,0,0,0,0,0,0,0,0,0,0,0,0,0,0,0,0,0,0,0,0,0,0,0,0,0,0,0,0,0,0,1316,22,45,38,45,29,22,8,45,18,16,9,13,17,21,5,17,1,6,1,1,5,2,2,2,1,0,0,0,0,0,0,0,0,0,0,0,0,0,0,0,0,0,0,0,0,0,0,0,0,0,0,0,0,0,0,0,0,0,0,0,0,0,0,1308,5,18,6,48,16,39,20,25,21,49,18,11,10,7,5,12,3,3,1,4,3,3,1,1,0,1,0,0,0,0,0,0,0,0,0,0,0,0,0,0,0,0,0,0,0,0,0,0,0,0,0,0,0,0,0,0,0,0,0,0,0,0,0,pinkythumb
1306,20,26,59,16,27,33,23,25,17,25,9,23,15,16,5,2,7,12,4,1,2,2,3,1,3,1,1,0,1,1,0,0,0,0,0,0,0,0,0,0,0,0,0,0,0,0,0,0,0,0,0,0,0,0,0,0,0,0,0,0,0,0,0,1306,17,35,7,26,28,26,15,36,23,29,17,13,10,21,6,3,11,1,2,4,2,3,4,0,2,1,1,1,1,1,1,0,0,0,0,0,0,0,0,0,0,0,0,0,0,0,0,0,0,0,0,0,0,0,0,0,0,0,0,0,0,0,0,1318,13,41,36,15,14,10,21,19,40,12,13,5,10,11,7,2,2,9,4,1,1,1,0,1,0,0,0,0,0,0,0,0,0,0,0,0,0,0,0,0,0,0,0,0,0,0,0,0,0,0,0,0,0,0,0,0,0,0,0,0,0,0,0,indexmiddle
1324,27,14,40,15,37,28,18,14,24,12,18,24,22,2,7,12,5,13,8,9,11,5,7,2,4,4,3,4,4,3,3,0,0,0,0,0,0,0,0,0,0,0,0,0,0,0,0,0,0,0,0,0,0,0,0,0,0,0,0,0,0,0,0,1301,25,7,45,16,23,35,9,41,47,10,12,16,5,14,15,10,3,1,7,4,4,2,2,4,2,1,1,1,1,1,1,0,0,0,0,0,0,0,0,0,0,0,0,0,0,0,0,0,0,0,0,0,0,0,0,0,0,0,0,0,0,0,0,1316,31,17,6,81,34,16,17,43,6,34,18,28,6,21,16,8,9,8,11,5,3,5,3,5,5,5,4,3,3,3,3,0,0,0,0,0,0,0,0,0,0,0,0,0,0,0,0,0,0,0,0,0,0,0,0,0,0,0,0,0,0,0,0,pinkythumb
1330,31,61,23,24,36,18,38,26,14,27,18,17,26,22,6,4,7,12,2,3,3,4,2,0,1,1,0,0,0,1,1,0,0,0,0,0,0,0,0,0,0,0,0,0,0,0,0,0,0,0,0,0,0,0,0,0,0,0,0,0,0,0,0,1314,25,54,7,15,8,35,20,41,31,25,15,20,21,8,23,6,5,1,4,4,1,3,1,0,2,1,1,1,0,0,0,0,0,0,0,0,0,0,0,0,0,0,0,0,0,0,0,0,0,0,0,0,0,0,0,0,0,0,0,0,0,0,0,1311,11,24,9,37,12,27,29,4,15,32,11,15,17,5,8,21,5,2,4,2,2,3,1,1,1,1,1,0,0,0,0,0,0,0,0,0,0,0,0,0,0,0,0,0,0,0,0,0,0,0,0,0,0,0,0,0,0,0,0,0,0,0,0,indexmiddle
1322,8,21,16,37,17,34,21,18,24,9,19,12,14,7,2,15,7,8,4,10,2,3,7,4,3,3,3,2,2,2,2,0,0,0,0,0,0,0,0,0,0,0,0,0,0,0,0,0,0,0,0,0,0,0,0,0,0,0,0,0,0,0,0,1313,17,5,50,47,32,53,33,29,12,11,10,34,20,15,7,6,8,3,7,5,1,4,0,3,0,0,0,1,0,0,0,0,0,0,0,0,0,0,0,0,0,0,0,0,0,0,0,0,0,0,0,0,0,0,0,0,0,0,0,0,0,0,0,1321,15,4,26,46,41,32,27,33,8,49,20,17,21,9,9,1,9,4,3,4,3,2,2,1,1,0,0,1,0,0,0,0,0,0,0,0,0,0,0,0,0,0,0,0,0,0,0,0,0,0,0,0,0,0,0,0,0,0,0,0,0,0,0,indexmiddle
1311,20,49,43,50,31,29,38,29,6,19,15,28,16,8,18,19,12,4,3,3,2,2,4,1,2,2,2,1,2,1,1,0,0,0,0,0,0,0,0,0,0,0,0,0,0,0,0,0,0,0,0,0,0,0,0,0,0,0,0,0,0,0,0,1304,23,21,44,25,15,8,22,21,22,26,14,12,9,7,8,8,5,5,8,1,4,5,3,2,3,3,3,2,2,2,2,0,0,0,0,0,0,0,0,0,0,0,0,0,0,0,0,0,0,0,0,0,0,0,0,0,0,0,0,0,0,0,0,1321,23,7,14,9,39,15,13,59,13,8,8,17,12,1,11,8,7,5,2,3,2,4,2,1,0,1,0,0,0,0,0,0,0,0,0,0,0,0,0,0,0,0,0,0,0,0,0,0,0,0,0,0,0,0,0,0,0,0,0,0,0,0,0,fist
1333,51,44,74,2,34,56,28,20,19,28,31,20,11,9,10,14,2,9,0,2,4,4,1,2,1,1,0,1,1,0,0,0,0,0,0,0,0,0,0,0,0,0,0,0,0,0,0,0,0,0,0,0,0,0,0,0,0,0,0,0,0,0,0,1313,10,23,13,39,47,31,51,42,27,13,33,20,16,7,5,3,5,3,10,1,2,5,3,1,0,1,1,1,1,1,1,0,0,0,0,0,0,0,0,0,0,0,0,0,0,0,0,0,0,0,0,0,0,0,0,0,0,0,0,0,0,0,0,1308,3,16,45,1,33,37,4,32,3,29,28,36,16,7,2,12,4,3,7,1,2,1,2,2,1,0,1,0,0,0,0,0,0,0,0,0,0,0,0,0,0,0,0,0,0,0,0,0,0,0,0,0,0,0,0,0,0,0,0,0,0,0,0,indexmiddle
1308,15,54,29,14,46,58,42,31,50,12,14,25,15,13,5,11,5,9,5,2,0,2,2,1,3,2,2,2,2,1,1,0,0,0,0,0,0,0,0,0,0,0,0,0,0,0,0,0,0,0,0,0,0,0,0,0,0,0,0,0,0,0,0,1314,10,19,58,24,33,28,12,38,32,18,16,10,10,8,12,6,5,2,7,8,4,3,5,2,2,2,3,3,2,2,2,0,0,0,0,0,0,0,0,0,0,0,0,0,0,0,0,0,0,0,0,0,0,0,0,0,0,0,0,0,0,0,0,1311,16,17,32,44,29,8,51,39,39,22,16,16,15,12,11,2,9,2,7,3,4,4,2,3,3,2,1,2,1,1,1,0,0,0,0,0,0,0,0,0,0,0,0,0,0,0,0,0,0,0,0,0,0,0,0,0,0,0,0,0,0,0,0,pinkythumb
1321,25,52,8,31,37,49,19,50,30,31,4,3,34,12,7,2,9,3,2,1,2,1,0,1,0,0,1,0,0,0,0,0,0,0,0,0,0,0,0,0,0,0,0,0,0,0,0,0,0,0,0,0,0,0,0,0,0,0,0,0,0,0,0,1315,15,33,46,8,40,19,20,12,10,26,8,13,10,2,9,11,5,10,6,2,0,3,1,2,2,0,2,2,2,1,1,0,0,0,0,0,0,0,0,0,0,0,0,0,0,0,0,0,0,0,0,0,0,0,0,0,0,0,0,0,0,0,0,1306,23,40,12,21,49,16,38,34,23,36,28,17,22,3,15,10,4,8,2,3,2,2,4,0,1,2,2,2,2,2,2,0,0,0,0,0,0,0,0,0,0,0,0,0,0,0,0,0,0,0,0,0,0,0,0,0,0,0,0,0,0,0,0,indexmiddle
1314,22,62,75,33,34,45,8,9,33,25,15,6,15,5,9,16,6,4,8,3,1,1,2,1,1,0,1,0,0,0,0,0,0,0,0,0,0,0,0,0,0,0,0,0,0,0,0,0,0,0,0,0,0,0,0,0,0,0,0,0,0,0,0,1313,21,27,30,9,8,16,35,32,11,18,7,8,2,7,9,2,4,6,3,1,2,2,3,3,1,2,1,2,1,1,1,0,0,0,0,0,0,0,0,0,0,0,0,0,0,0,0,0,0,0,0,0,0,0,0,0,0,0,0,0,0,0,0,1326,28,5,49,42,25,8,35,32,8,19,14,11,15,12,13,6,2,5,2,3,2,1,1,3,1,1,0,0,0,0,0,0,0,0,0,0,0,0,0,0,0,0,0,0,0,0,0,0,0,0,0,0,0,0,0,0,0,0,0,0,0,0,0,pinkythumb
1305,38,30,0,2,7,42,6,33,30,16,4,12,9,10,14,8,9,2,6,6,1,4,2,3,1,1,1,1,0,1,0,0,0,0,0,0,0,0,0,0,0,0,0,0,0,0,0,0,0,0,0,0,0,0,0,0,0,0,0,0,0,0,0,1326,38,13,38,47,7,47,7,76,31,30,21,17,9,23,1,5,6,2,2,2,3,4,3,3,2,2,2,2,2,1,1,0,0,0,0,0,0,0,0,0,0,0,0,0,0,0,0,0,0,0,0,0,0,0,0,0,0,0,0,0,0,0,0,1307,10,26,17,15,23,15,36,6,28,15,14,8,14,8,12,5,5,5,6,7,1,2,1,1,2,1,2,1,1,1,1,0,0,0,0,0,0,0,0,0,0,0,0,0,0,0,0,0,0,0,0,0,0,0,0,0,0,0,0,0,0,0,0,indexmiddle
1318,18,5,17,12,63,24,15,12,37,7,14,13,0,18,0,6,6,8,4,10,3,2,2,2,1,1,3,2,2,2,1,0,0,0,0,0,0,0,0,0,0,0,0,0,0,0,0,0,0,0,0,0,0,0,0,0,0,0,0,0,0,0,0,1326,17,20,23,17,14,30,36,14,23,25,6,8,10,8,6,13,10,5,3,6,1,5,2,2,1,1,2,2,2,1,1,0,0,0,0,0,0,0,0,0,0,0,0,0,0,0,0,0,0,0,0,0,0,0,0,0,0,0,0,0,0,0,0,1322,8,23,33,69,20,29,23,24,40,31,19,16,3,1,6,3,0,7,3,7,2,3,1,0,0,0,0,0,0,0,0,0,0,0,0,0,0,0,0,0,0,0,0,0,0,0,0,0,0,0,0,0,0,0,0,0,0,0,0,0,0,0,0,indexmiddle
1301,10,44,29,19,17,31,72,3,30,18,27,2,11,7,3,17,7,10,3,3,6,5,4,4,2,3,2,2,2,2,2,0,0,0,0,0,0,0,0,0,0,0,0,0,0,0,0,0,0,0,0,0,0,0,0,0,0,0,0,0,0,0,0,1300,15,15,17,23,31,22,5,21,36,33,8,16,26,3,6,0,3,7,6,2,3,0,5,1,1,0,0,0,0,0,0,0,0,0,0,0,0,0,0,0,0,0,0,0,0,0,0,0,0,0,0,0,0,0,0,0,0,0,0,0,0,0,0,1307,18,13,30,40,9,30,16,40,11,16,6,21,14,9,7,7,3,2,2,2,1,3,0,1,1,0,1,1,1,0,0,0,0,0,0,0,0,0,0,0,0,0,0,0,0,0,0,0,0,0,0,0,0,0,0,0,0,0,0,0,0,0,0,pinkythumb
1297,41,41,15,14,12,51,27,45,41,9,33,13,4,6,9,11,8,11,2,3,1,2,1,0,0,1,0,0,1,0,0,0,0,0,0,0,0,0,0,0,0,0,0,0,0,0,0,0,0,0,0,0,0,0,0,0,0,0,0,0,0,0,0,1312,20,10,8,15,3,8,19,12,29,14,26,16,8,3,4,4,6,9,5,3,1,5,2,2,3,1,1,1,1,1,1,0,0,0,0,0,0,0,0,0,0,0,0,0,0,0,0,0,0,0,0,0,0,0,0,0,0,0,0,0,0,0,0,1323,33,14,52,39,17,29,10,13,27,11,17,9,5,14,12,13,9,4,11,4,2,4,3,1,3,2,2,1,1,1,1,0,0,0,0,0,0,0,0,0,0,0,0,0,0,0,0,0,0,0,0,0,0,0,0,0,0,0,0,0,0,0,0,indexmiddle
1320,24,41,18,3,28,41,19,75,7,12,13,27,13,14,7,8,7,1,5,2,1,1,0,2,0,1,0,0,0,0,0,0,0,0,0,0,0,0,0,0,0,0,0,0,0,0,0,0,0,0,0,0,0,0,0,0,0,0,0,0,0,0,0,1305,18,41,41,14,18,18,42,41,13,25,13,9,14,19,10,8,6,5,4,4,3,4,6,3,2,2,2,2,2,2,2,0,0,0,0,0,0,0,0,0,0,0,0,0,0,0,0,0,0,0,0,0,0,0,0,0,0,0,0,0,0,0,0,1311,4,35,68,62,54,24,17,45,53,21,31,7,10,17,3,10,6,7,5,5,0,0,1,0,1,1,0,0,0,0,0,0,0,0,0,0,0,0,0,0,0,0,0,0,0,0,0,0,0,0,0,0,0,0,0,0,0,0,0,0,0,0,0,indexmiddle
1306,13,27,12,55,56,20,24,16,12,26,24,6,6,24,4,14,7,8,10,6,6,3,2,4,3,3,4,3,3,3,3,0,0,0,0,0,0,0,0,0,0,0,0,0,0,0,0,0,0,0,0,0,0,0,0,0,0,0,0,0,0,0,0,1314,17,21,15,15,9,22,17,42,33,32,10,17,5,12,11,7,0,7,5,4,6,3,2,1,1,1,0,1,1,0,0,0,0,0,0,0,0,0,0,0,0,0,0,0,0,0,0,0,0,0,0,0,0,0,0,0,0,0,0,0,0,0,0,1308,12,11,44,67,23,22,23,2,26,4,19,14,23,9,9,1,7,7,4,3,4,1,0,2,2,0,0,0,0,0,0,0,0,0,0,0,0,0,0,0,0,0,0,0,0,0,0,0,0,0,0,0,0,0,0,0,0,0,0,0,0,0,0,fist
1328,31,66,19,17,22,37,8,22,10,29,22,25,8,7,12,12,7,9,5,3,0,1,1,0,0,1,0,0,0,0,0,0,0,0,0,0,0,0,0,0,0,0,0,0,0,0,0,0,0,0,0,0,0,0,0,0,0,0,0,0,0,0,0,1317,23,34,100,29,56,33,17,13,35,6,9,10,23,7,18,9,7,3,10,5,3,2,4,4,3,3,2,2,2,2,2,0,0,0,0,0,0,0,0,0,0,0,0,0,0,0,0,0,0,0,0,0,0,0,0,0,0,0,0,0,0,0,0,1327,18,18,20,55,14,29,46,51,32,14,6,23,6,14,12,9,1,4,4,1,1,1,1,1,0,0,0,0,0,0,0,0,0,0,0,0,0,0,0,0,0,0,0,0,0,0,0,0,0,0,0,0,0,0,0,0,0,0,0,0,0,0,0,fist
1316,30,45,41,37,47,32,30,26,27,7,19,11,2,23,6,7,3,5,2,0,2,1,0,0,3,2,1,0,1,1,1,0,0,0,0,0,0,0,0,0,0,0,0,0,0,0,0,0,0,0,0,0,0,0,0,0,0,0,0,0,0,0,0,1317,33,14,32,19,18,17,16,13,8,11,12,13,17,14,4,12,4,1,4,4,1,2,2,1,1,1,0,0,0,0,0,0,0,0,0,0,0,0,0,0,0,0,0,0,0,0,0,0,0,0,0,0,0,0,0,0,0,0,0,0,0,0,0,1309,27,23,40,44,44,26,24,8,18,13,4,18,17,12,3,2,4,5,1,1,2,3,1,1,0,1,1,1,1,1,1,0,0,0,0,0,0,0,0,0,0,0,0,0,0,0,0,0,0,0,0,0,0,0,0,0,0,0,0,0,0,0,0,indexmiddle
1326,23,16,54,56,10,22,10,12,8,15,10,24,6,7,4,11,1,4,5,1,3,2,3,2,2,2,1,2,1,1,2,0,0,0,0,0,0,0,0,0,0,0,0,0,0,0,0,0,0,0,0,0,0,0,0,0,0,0,0,0,0,0,0,1311,5,32,9,23,38,19,24,26,27,11,13,25,5,2,5,10,8,1,2,1,1,5,3,2,1,1,0,1,1,1,1,0,0,0,0,0,0,0,0,0,0,0,0,0,0,0,0,0,0,0,0,0,0,0,0,0,0,0,0,0,0,0,0,1315,7,25,39,20,20,57,14,9,17,17,7,16,2,6,12,6,7,4,4,1,1,4,1,0,0,0,0,0,0,0,0,0,0,0,0,0,0,0,0,0,0,0,0,0,0,0,0,0,0,0,0,0,0,0,0,0,0,0,0,0,0,0,0,fist
1314,4,8,32,23,44,36,45,0,11,7,4,12,9,18,6,13,0,7,5,6,3,0,3,3,2,3,2,2,2,1,1,0,0,0,0,0,0,0,0,0,0,0,0,0,0,0,0,0,0,0,0,0,0,0,0,0,0,0,0,0,0,0,0,1309,9,23,51,12,28,25,46,31,21,9,2,10,12,9,1,6,14,6,9,4,2,2,1,1,1,2,1,2,1,1,1,0,0,0,0,0,0,0,0,0,0,0,0,0,0,0,0,0,0,0,0,0,0,0,0,0,0,0,0,0,0,0,0,1307,39,23,47,64,52,24,43,16,35,9,12,21,20,1,8,5,6,1,3,5,2,1,2,1,0,0,0,0,0,0,0,0,0,0,0,0,0,0,0,0,0,0,0,0,0,0,0,0,0,0,0,0,0,0,0,0,0,0,0,0,0,0,0,fist
1309,13,12,8,17,12,16,41,11,18,16,20,3,8,8,9,12,4,8,2,5,1,1,3,0,2,1,0,0,0,0,0,0,0,0,0,0,0,0,0,0,0,0,0,0,0,0,0,0,0,0,0,0,0,0,0,0,0,0,0,0,0,0,0,1311,3,24,42,25,51,32,21,42,23,12,16,33,3,6,21,6,7,1,7,4,5,5,1,5,1,1,1,1,1,1,1,0,0,0,0,0,0,0,0,0,0,0,0,0,0,0,0,0,0,0,0,0,0,0,0,0,0,0,0,0,0,0,0,1310,14,54,33,35,54,47,24,21,39,23,14,9,12,3,6,3,7,0,5,7,7,1,1,3,2,0,2,1,1,1,1,0,0,0,0,0,0,0,0,0,0,0,0,0,0,0,0,0,0,0,0,0,0,0,0,0,0,0,0,0,0,0,0,pinkythumb
1320,15,21,52,39,39,62,5,46,26,22,7,6,5,12,8,7,2,2,0,1,1,1,2,3,0,0,0,0,0,0,0,0,0,0,0,0,0,0,0,0,0,0,0,0,0,0,0,0,0,0,0,0,0,0,0,0,0,0,0,0,0,0,0,1312,11,14,7,59,43,40,32,17,16,20,13,13,10,3,10,5,11,1,2,5,2,1,2,0,0,0,0,0,0,0,0,0,0,0,0,0,0,0,0,0,0,0,0,0,0,0,0,0,0,0,0,0,0,0,0,0,0,0,0,0,0,0,0,1313,17,10,49,29,13,26,27,28,21,15,32,17,5,2,8,15,6,4,4,3,4,0,3,2,1,0,1,1,0,0,0,0,0,0,0,0,0,0,0,0,0,0,0,0,0,0,0,0,0,0,0,0,0,0,0,0,0,0,0,0,0,0,0,indexmiddle
1315,12,18,4,27,31,25,22,33,13,13,15,36,7,9,13,15,9,0,6,3,1,2,0,2,1,2,1,1,1,1,1,0,0,0,0,0,0,0,0,0,0,0,0,0,0,0,0,0,0,0,0,0,0,0,0,0,0,0,0,0,0,0,0,1316,2,18,30,36,32,32,33,18,10,4,11,14,3,10,6,8,6,8,7,3,0,2,1,2,0,0,0,0,0,0,0,0,0,0,0,0,0,0,0,0,0,0,0,0,0,0,0,0,0,0,0,0,0,0,0,0,0,0,0,0,0,0,0,1312,22,11,18,12,24,24,30,24,5,23,19,15,25,6,16,9,10,6,2,0,2,1,2,4,3,3,3,1,2,2,2,0,0,0,0,0,0,0,0,0,0,0,0,0,0,0,0,0,0,0,0,0,0,0,0,0,0,0,0,0,0,0,0,indexmiddle
1318,4,14,31,19,29,8,20,5,17,11,10,20,5,14,7,4,12,2,6,5,5,1,1,1,0,3,0,1,0,0,0,0,0,0,0,0,0,0,0,0,0,0,0,0,0,0,0,0,0,0,0,0,0,0,0,0,0,0,0,0,0,0,0,1315,20,10,21,33,6,37,17,10,18,14,28,10,24,7,19,3,17,3,5,1,3,2,1,1,1,2,1,1,1,1,1,0,0,0,0,0,0,0,0,0,0,0,0,0,0,0,0,0,0,0,0,0,0,0,0,0,0,0,0,0,0,0,0,1314,13,6,59,52,38,53,13,26,8,7,32,21,23,21,7,2,6,6,4,1,5,2,1,2,2,1,2,1,1,1,1,0,0,0,0,0,0,0,0,0,0,0,0,0,0,0,0,0,0,0,0,0,0,0,0,0,0,0,0,0,0,0,0,pinkythumb
1312,8,55,96,9,16,24,19,19,37,15,5,16,13,8,6,3,2,5,4,0,1,5,4,1,2,0,0,1,0,0,1,0,0,0,0,0,0,0,0,0,0,0,0,0,0,0,0,0,0,0,0,0,0,0,0,0,0,0,0,0,0,0,0,1319,39,20,5,14,32,49,27,31,14,15,16,8,13,16,3,3,5,4,3,4,3,1,4,3,1,0,0,0,0,0,0,0,0,0,0,0,0,0,0,0,0,0,0,0,0,0,0,0,0,0,0,0,0,0,0,0,0,0,0,0,0,0,0,1309,5,33,25,12,19,33,15,6,53,5,4,5,12,21,9,2,5,7,7,4,5,1,2,1,0,0,0,0,0,0,0,0,0,0,0,0,0,0,0,0,0,0,0,0,0,0,0,0,0,0,0,0,0,0,0,0,0,0,0,0,0,0,0,fist
1319,12,11,12,15,27,9,42,12,23,24,12,10,16,3,14,7,3,4,1,7,2,2,0,0,2,1,1,1,1,1,1,0,0,0,0,0,0,0,0,0,0,0,0,0,0,0,0,0,0,0,0,0,0,0,0,0,0,0,0,0,0,0,0,1322,1,42,28,20,46,34,42,19,10,6,25,5,14,8,15,5,6,3,1,2,0,1,2,2,0,0,0,1,0,1,0,0,0,0,0,0,0,0,0,0,0,0,0,0,0,0,0,0,0,0,0,0,0,0,0,0,0,0,0,0,0,0,0,1310,18,33,40,38,29,21,23,17,42,15,19,8,6,8,16,4,10,2,3,4,1,1,4,1,1,0,0,0,0,0,0,0,0,0,0,0,0,0,0,0,0,0,0,0,0,0,0,0,0,0,0,0,0,0,0,0,0,0,0,0,0,0,0,pinkythumb
1316,16,38,10,21,43,24,32,20,32,30,41,25,2,11,15,13,3,5,6,5,1,1,0,0,0,1,0,0,0,0,0,0,0,0,0,0,0,0,0,0,0,0,0,0,0,0,0,0,0,0,0,0,0,0,0,0,0,0,0,0,0,0,0,1309,27,52,42,24,20,28,9,49,31,26,36,14,13,13,12,4,9,2,1,0,8,3,1,1,0,2,0,0,0,0,0,0,0,0,0,0,0,0,0,0,0,0,0,0,0,0,0,0,0,0,0,0,0,0,0,0,0,0,0,0,0,0,0,1311,25,22,7,39,6,10,5,34,10,10,33,9,39,22,10,17,8,5,1,11,3,2,7,3,5,4,5,4,4,3,3,0,0,0,0,0,0,0,0,0,0,0,0,0,0,0,0,0,0,0,0,0,0,0,0,0,0,0,0,0,0,0,0,pinkythumb
1304,39,18,114,51,21,42,54,34,15,23,16,21,29,29,8,5,4,4,6,2,4,2,7,3,2,1,2,1,1,1,1,0,0,0,0,0,0,0,0,0,0,0,0,0,0,0,0,0,0,0,0,0,0,0,0,0,0,0,0,0,0,0,0,1313,14,8,27,38,25,34,23,53,5,8,24,23,6,9,10,14,5,8,6,1,5,2,1,2,4,3,2,2,2,2,2,0,0,0,0,0,0,0,0,0,0,0,0,0,0,0,0,0,0,0,0,0,0,0,0,0,0,0,0,0,0,0,0,1304,30,44,35,8,26,29,23,6,8,8,10,11,8,7,5,5,2,11,5,3,3,3,1,0,1,0,0,0,0,0,0,0,0,0,0,0,0,0,0,0,0,0,0,0,0,0,0,0,0,0,0,0,0,0,0,0,0,0,0,0,0,0,0,indexmiddle
1312,16,17,36,26,33,9,37,44,16,20,1,6,9,16,1,2,3,4,4,5,0,1,1,0,1,0,0,0,0,0,0,0,0,0,0,0,0,0,0,0,0,0,0,0,0,0,0,0,0,0,0,0,0,0,0,0,0,0,0,0,0,0,0,1310,28,35,43,27,77,11,24,30,38,11,7,5,11,28,4,4,5,5,5,2,2,2,1,1,0,0,0,0,0,0,0,0,0,0,0,0,0,0,0,0,0,0,0,0,0,0,0,0,0,0,0,0,0,0,0,0,0,0,0,0,0,0,0,1334,37,59,45,24,25,23,20,28,34,26,18,12,24,15,9,9,7,6,5,3,5,5,2,0,1,0,0,0,1,0,0,0,0,0,0,0,0,0,0,0,0,0,0,0,0,0,0,0,0,0,0,0,0,0,0,0,0,0,0,0,0,0,0,indexmiddle
1323,18,19,55,21,20,52,21,13,19,20,13,2,24,5,18,8,4,3,3,6,4,6,0,2,4,1,0,1,1,1,1,0,0,0,0,0,0,0,0,0,0,0,0,0,0,0,0,0,0,0,0,0,0,0,0,0,0,0,0,0,0,0,0,1317,13,23,44,41,18,13,28,8,5,11,24,11,21,3,5,11,3,0,6,3,2,2,1,2,3,1,0,0,1,1,1,0,0,0,0,0,0,0,0,0,0,0,0,0,0,0,0,0,0,0,0,0,0,0,0,0,0,0,0,0,0,0,0,1316,14,36,17,6,31,23,38,35,19,4,5,15,14,4,3,2,2,3,5,4,3,2,2,0,1,1,1,1,1,0,0,0,0,0,0,0,0,0,0,0,0,0,0,0,0,0,0,0,0,0,0,0,0,0,0,0,0,0,0,0,0,0,0,pinkythumb
1304,11,17,35,34,2,25,55,30,19,25,20,9,2,5,21,13,6,4,1,5,2,0,3,1,2,0,2,1,1,1,1,0,0,0,0,0,0,0,0,0,0,0,0,0,0,0,0,0,0,0,0,0,0,0,0,0,0,0,0,0,0,0,0,1306,17,12,24,15,13,36,59,14,32,29,18,15,10,20,16,11,11,2,5,3,3,4,3,2,1,3,2,3,2,2,2,0,0,0,0,0,0,0,0,0,0,0,0,0,0,0,0,0,0,0,0,0,0,0,0,0,0,0,0,0,0,0,0,1325,33,45,29,8,31,19,47,46,36,31,25,14,16,12,11,21,8,2,5,4,4,4,1,4,4,3,3,2,3,2,2,0,0,0,0,0,0,0,0,0,0,0,0,0,0,0,0,0,0,0,0,0,0,0,0,0,0,0,0,0,0,0,0,pinkythumb
1324,9,3,29,34,30,25,7,25,10,36,18,22,21,8,4,15,1,2,1,4,4,2,3,0,1,1,1,1,1,1,1,0,0,0,0,0,0,0,0,0,0,0,0,0,0,0,0,0,0,0,0,0,0,0,0,0,0,0,0,0,0,0,0,1315,8,19,53,13,47,53,16,6,27,16,35,6,7,18,13,32,12,2,1,6,6,3,2,2,5,4,4,4,3,3,3,0,0,0,0,0,0,0,0,0,0,0,0,0,0,0,0,0,0,0,0,0,0,0,0,0,0,0,0,0,0,0,0,1320,17,20,8,37,28,39,54,36,27,15,20,7,14,7,8,6,3,3,6,1,1,4,3,1,0,2,1,1,1,1,1,0,0,0,0,0,0,0,0,0,0,0,0,0,0,0,0,0,0,0,0,0,0,0,0,0,0,0,0,0,0,0,0,pinkythumb
1305,29,33,33,40,15,39,28,6,30,14,10,29,23,41,9,10,7,6,12,9,5,4,3,7,3,3,4,4,3,3,3,0,0,0,0,0,0,0,0,0,0,0,0,0,0,0,0,0,0,0,0,0,0,0,0,0,0,0,0,0,0,0,0,1312,16,29,33,27,49,27,35,40,39,17,3,9,20,10,5,7,7,5,0,3,4,2,1,2,3,1,1,1,0,1,1,0,0,0,0,0,0,0,0,0,0,0,0,0,0,0,0,0,0,0,0,0,0,0,0,0,0,0,0,0,0,0,0,1306,9,19,23,22,55,31,12,20,18,28,11,9,7,12,3,2,4,6,4,3,3,3,1,1,1,0,0,1,1,0,1,0,0,0,0,0,0,0,0,0,0,0,0,0,0,0,0,0,0,0,0,0,0,0,0,0,0,0,0,0,0,0,0,indexmiddle
1314,1,52,106,25,2,49,41,24,38,41,40,14,14,11,12,2,18,6,4,1,3,6,5,4,2,3,1,1,2,1,1,0,0,0,0,0,0,0,0,0,0,0,0,0,0,0,0,0,0,0,0,0,0,0,0,0,0,0,0,0,0,0,0,1322,12,32,19,20,44,21,17,44,7,41,10,29,12,7,4,27,13,3,3,5,5,2,5,3,2,1,1,1,1,1,1,0,0,0,0,0,0,0,0,0,0,0,0,0,0,0,0,0,0,0,0,0,0,0,0,0,0,0,0,0,0,0,0,1327,29,6,42,9,26,40,44,18,18,6,15,10,14,8,16,9,3,1,4,2,4,4,1,1,1,2,1,0,1,1,1,0,0,0,0,0,0,0,0,0,0,0,0,0,0,0,0,0,0,0,0,0,0,0,0,0,0,0,0,0,0,0,0,fist
1318,22,15,16,36,60,32,12,34,17,5,27,16,4,11,7,4,8,1,8,1,2,3,1,1,0,0,1,0,1,1,0,0,0,0,0,0,0,0,0,0,0,0,0,0,0,0,0,0,0,0,0,0,0,0,0,0,0,0,0,0,0,0,0,1315,17,28,32,8,5,22,33,34,15,15,14,20,15,1,2,6,5,0,2,0,1,2,1,2,1,0,0,0,0,0,0,0,0,0,0,0,0,0,0,0,0,0,0,0,0,0,0,0,0,0,0,0,0,0,0,0,0,0,0,0,0,0,0,1317,30,38,17,2,36,27,10,24,14,47,7,22,8,14,16,14,8,9,2,1,6,4,1,1,3,2,2,2,2,2,2,0,0,0,0,0,0,0,0,0,0,0,0,0,0,0,0,0,0,0,0,0,0,0,0,0,0,0,0,0,0,0,0,fist
1313,16,29,59,26,40,41,23,22,4,23,10,13,20,9,7,9,6,1,5,2,4,2,4,3,1,1,1,1,1,1,1,0,0,0,0,0,0,0,0,0,0,0,0,0,0,0,0,0,0,0,0,0,0,0,0,0,0,0,0,0,0,0,0,1320,30,52,18,27,29,37,19,30,4,23,10,5,15,9,8,3,5,5,2,8,6,2,1,2,0,1,2,1,1,1,1,0,0,0,0,0,0,0,0,0,0,0,0,0,0,0,0,0,0,0,0,0,0,0,0,0,0,0,0,0,0,0,0,1309,7,39,56,3,15,11,46,19,11,11,11,15,5,19,13,6,2,1,5,0,2,4,3,3,1,1,1,2,1,1,1,0,0,0,0,0,0,0,0,0,0,0,0,0,0,0,0,0,0,0,0,0,0,0,0,0,0,0,0,0,0,0,0,indexmiddle
1325,20,31,36,13,10,65,7,60,18,14,20,15,3,6,7,5,5,4,2,6,2,2,4,2,0,0,0,0,0,0,0,0,0,0,0,0,0,0,0,0,0,0,0,0,0,0,0,0,0,0,0,0,0,0,0,0,0,0,0,0,0,0,0,1313,8,17,17,22,20,37,38,24,20,12,10,11,17,4,3,13,1,8,4,8,1,1,1,2,1,1,0,1,0,1,0,0,0,0,0,0,0,0,0,0,0,0,0,0,0,0,0,0,0,0,0,0,0,0,0,0,0,0,0,0,0,0,0,1315,9,4,39,56,38,8,20,17,14,30,15,16,6,13,7,5,6,14,4,3,3,5,1,0,0,0,0,0,0,0,0,0,0,0,0,0,0,0,0,0,0,0,0,0,0,0,0,0,0,0,0,0,0,0,0,0,0,0,0,0,0,0,0,indexmiddle
1307,8,21,15,41,21,52,46,7,27,26,21,25,3,17,0,4,10,3,2,6,3,3,1,2,1,0,0,1,0,0,0,0,0,0,0,0,0,0,0,0,0,0,0,0,0,0,0,0,0,0,0,0,0,0,0,0,0,0,0,0,0,0,0,1329,35,57,44,35,44,66,19,22,11,40,25,7,14,4,6,4,1,3,1,6,2,3,1,1,1,0,0,0,0,0,0,0,0,0,0,0,0,0,0,0,0,0,0,0,0,0,0,0,0,0,0,0,0,0,0,0,0,0,0,0,0,0,0,1290,21,11,63,35,2,38,20,10,26,38,23,7,7,5,4,11,3,4,1,3,5,0,2,2,2,0,0,0,0,0,0,0,0,0,0,0,0,0,0,0,0,0,0,0,0,0,0,0,0,0,0,0,0,0,0,0,0,0,0,0,0,0,0,pinkythumb
1319,6,45,26,32,35,27,56,30,21,16,11,4,9,1,20,12,11,4,13,5,1,3,3,2,2,3,2,2,2,1,2,0,0,0,0,0,0,0,0,0,0,0,0,0,0,0,0,0,0,0,0,0,0,0,0,0,0,0,0,0,0,0,0,1314,10,45,41,38,26,23,26,49,27,14,2,16,16,8,1,7,8,1,4,7,3,1,1,1,3,0,0,0,0,0,0,0,0,0,0,0,0,0,0,0,0,0,0,0,0,0,0,0,0,0,0,0,0,0,0,0,0,0,0,0,0,0,0,1316,37,29,22,52,67,44,14,39,38,4,12,11,12,12,9,9,2,11,2,4,2,0,2,3,1,1,2,1,1,1,1,0,0,0,0,0,0,0,0,0,0,0,0,0,0,0,0,0,0,0,0,0,0,0,0,0,0,0,0,0,0,0,0,pinkythumb
1321,5,27,13,9,20,44,14,16,22,5,9,4,6,18,7,9,12,6,0,4,7,4,2,0,1,0,1,0,1,0,0,0,0,0,0,0,0,0,0,0,0,0,0,0,0,0,0,0,0,0,0,0,0,0,0,0,0,0,0,0,0,0,0,1314,6,28,39,26,40,15,32,16,57,21,13,4,18,13,6,3,2,7,2,5,0,2,1,3,2,0,0,0,0,1,0,0,0,0,0,0,0,0,0,0,0,0,0,0,0,0,0,0,0,0,0,0,0,0,0,0,0,0,0,0,0,0,0,1326,20,50,15,25,24,34,35,16,12,25,15,6,20,15,7,5,7,4,1,4,2,1,4,0,1,1,0,0,0,0,0,0,0,0,0,0,0,0,0,0,0,0,0,0,0,0,0,0,0,0,0,0,0,0,0,0,0,0,0,0,0,0,0,pinkythumb
1317,26,19,18,18,53,34,25,14,20,28,19,19,24,4,5,6,4,0,6,2,3,4,4,4,2,2,3,2,3,2,2,0,0,0,0,0,0,0,0,0,0,0,0,0,0,0,0,0,0,0,0,0,0,0,0,0,0,0,0,0,0,0,0,1317,1,30,38,23,5,29,33,50,18,13,14,8,18,15,10,9,6,6,7,3,1,2,3,1,2,1,1,1,1,1,1,0,0,0,0,0,0,0,0,0,0,0,0,0,0,0,0,0,0,0,0,0,0,0,0,0,0,0,0,0,0,0,0,1313,13,21,23,70,22,35,24,30,12,23,24,18,25,6,6,0,5,5,2,2,3,1,1,2,0,0,0,0,1,0,0,0,0,0,0,0,0,0,0,0,0,0,0,0,0,0,0,0,0,0,0,0,0,0,0,0,0,0,0,0,0,0,0,pinkythumb
1322,27,37,38,33,19,32,22,2,43,17,21,2,14,12,2,10,2,4,3,2,1,2,3,3,2,0,1,0,0,0,1,0,0,0,0,0,0,0,0,0,0,0,0,0,0,0,0,0,0,0,0,0,0,0,0,0,0,0,0,0,0,0,0,1309,8,30,50,25,51,1,10,14,23,15,4,14,20,6,4,8,9,3,3,2,3,1,2,0,0,2,1,1,0,0,1,0,0,0,0,0,0,0,0,0,0,0,0,0,0,0,0,0,0,0,0,0,0,0,0,0,0,0,0,0,0,0,0,1322,23,38,19,52,22,19,42,58,62,9,36,23,24,17,17,7,3,6,6,4,4,5,4,3,4,3,2,3,2,2,2,0,0,0,0,0,0,0,0,0,0,0,0,0,0,0,0,0,0,0,0,0,0,0,0,0,0,0,0,0,0,0,0,indexmiddle
1315,24,65,31,22,30,14,30,24,3,18,6,7,9,6,8,6,2,0,2,1,4,4,0,1,2,0,1,0,0,0,0,0,0,0,0,0,0,0,0,0,0,0,0,0,0,0,0,0,0,0,0,0,0,0,0,0,0,0,0,0,0,0,0,1315,8,4,6,66,81,26,6,16,17,20,3,20,1,14,12,8,3,3,7,12,1,5,1,4,0,0,1,1,0,0,0,0,0,0,0,0,0,0,0,0,0,0,0,0,0,0,0,0,0,0,0,0,0,0,0,0,0,0,0,0,0,0,0,1328,31,5,14,17,10,11,23,17,36,25,8,6,12,12,23,10,8,3,5,1,4,2,3,1,2,1,1,2,1,1,1,0,0,0,0,0,0,0,0,0,0,0,0,0,0,0,0,0,0,0,0,0,0,0,0,0,0,0,0,0,0,0,0,indexmiddle
1317,12,8,10,35,50,30,41,25,10,13,8,1,26,6,3,4,6,3,2,5,2,0,2,3,0,1,1,1,0,0,0,0,0,0,0,0,0,0,0,0,0,0,0,0,0,0,0,0,0,0,0,0,0,0,0,0,0,0,0,0,0,0,0,1318,6,13,33,15,43,48,9,35,28,33,12,9,9,13,6,15,5,3,5,5,4,5,3,1,2,1,1,1,1,1,1,0,0,0,0,0,0,0,0,0,0,0,0,0,0,0,0,0,0,0,0,0,0,0,0,0,0,0,0,0,0,0,0,1313,13,54,21,21,18,42,24,43,24,9,53,14,13,12,14,4,5,4,4,1,3,1,1,1,1,1,0,0,0,0,0,0,0,0,0,0,0,0,0,0,0,0,0,0,0,0,0,0,0,0,0,0,0,0,0,0,0,0,0,0,0,0,0,fist
1307,11,25,8,3,34,14,10,33,16,13,26,12,5,13,5,10,11,8,1,3,3,2,0,0,0,0,0,0,0,0,0,0,0,0,0,0,0,0,0,0,0,0,0,0,0,0,0,0,0,0,0,0,0,0,0,0,0,0,0,0,0,0,0,1313,14,14,31,68,21,43,59,19,9,11,9,10,7,4,12,3,4,9,6,6,1,0,1,1,0,0,0,0,0,0,0,0,0,0,0,0,0,0,0,0,0,0,0,0,0,0,0,0,0,0,0,0,0,0,0,0,0,0,0,0,0,0,0,1321,24,42,24,8,6,8,8,34,8,20,15,4,13,4,1,8,11,0,11,5,4,1,4,3,2,2,1,1,1,2,2,0,0,0,0,0,0,0,0,0,0,0,0,0,0,0,0,0,0,0,0,0,0,0,0,0,0,0,0,0,0,0,0,indexmiddle
1296,24,23,22,8,33,89,42,17,36,19,37,22,12,21,4,4,2,7,7,3,0,3,4,1,0,0,1,0,0,0,0,0,0,0,0,0,0,0,0,0,0,0,0,0,0,0,0,0,0,0,0,0,0,0,0,0,0,0,0,0,0,0,0,1313,5,4,41,39,43,36,13,14,18,18,26,13,6,6,5,4,0,5,5,1,1,1,0,1,0,0,0,0,0,0,0,0,0,0,0,0,0,0,0,0,0,0,0,0,0,0,0,0,0,0,0,0,0,0,0,0,0,0,0,0,0,0,0,1314,8,39,40,15,21,34,51,27,26,13,34,10,8,17,29,13,7,1,2,3,0,0,1,1,1,2,1,1,1,1,1,0,0,0,0,0,0,0,0,0,0,0,0,0,0,0,0,0,0,0,0,0,0,0,0,0,0,0,0,0,0,0,0,indexmiddle
1312,4,32,65,35,13,4,6,29,35,29,9,3,19,4,14,12,1,7,3,2,4,2,2,2,0,2,2,1,1,1,1,0,0,0,0,0,0,0,0,0,0,0,0,0,0,0,0,0,0,0,0,0,0,0,0,0,0,0,0,0,0,0,0,1303,12,21,38,4,13,42,86,5,27,10,20,10,7,3,7,11,8,4,6,3,2,1,0,0,0,2,0,0,0,0,0,0,0,0,0,0,0,0,0,0,0,0,0,0,0,0,0,0,0,0,0,0,0,0,0,0,0,0,0,0,0,0,0,1316,15,7,29,46,8,42,14,6,8,12,10,10,7,14,14,7,8,8,2,4,3,1,2,2,1,0,1,1,0,0,0,0,0,0,0,0,0,0,0,0,0,0,0,0,0,0,0,0,0,0,0,0,0,0,0,0,0,0,0,0,0,0,0,indexmiddle
1324,5,21,26,65,33,19,39,8,6,17,10,5,19,11,20,4,7,4,3,6,3,1,1,1,0,1,1,0,0,0,0,0,0,0,0,0,0,0,0,0,0,0,0,0,0,0,0,0,0,0,0,0,0,0,0,0,0,0,0,0,0,0,0,1324,8,30,20,6,6,12,53,25,19,35,15,21,8,14,23,7,9,2,4,1,3,2,3,2,0,0,0,0,0,0,0,0,0,0,0,0,0,0,0,0,0,0,0,0,0,0,0,0,0,0,0,0,0,0,0,0,0,0,0,0,0,0,0,1319,2,22,5,62,17,41,33,37,29,24,36,19,18,1,16,11,4,3,3,3,1,0,2,2,1,1,1,1,1,0,0,0,0,0,0,0,0,0,0,0,0,0,0,0,0,0,0,0,0,0,0,0,0,0,0,0,0,0,0,0,0,0,0,indexmiddle
1318,14,31,35,59,9,29,53,38,18,12,18,13,8,8,11,11,5,7,5,3,5,0,2,3,1,3,3,2,2,2,2,0,0,0,0,0,0,0,0,0,0,0,0,0,0,0,0,0,0,0,0,0,0,0,0,0,0,0,0,0,0,0,0,1306,20,30,40,30,18,18,31,17,36,18,32,2,21,14,5,15,6,6,2,3,1,2,1,2,2,0,1,0,1,1,1,0,0,0,0,0,0,0,0,0,0,0,0,0,0,0,0,0,0,0,0,0,0,0,0,0,0,0,0,0,0,0,0,1305,20,49,8,40,22,21,28,29,27,17,31,7,8,16,5,9,8,5,2,4,6,3,2,6,4,3,3,3,3,3,3,0,0,0,0,0,0,0,0,0,0,0,0,0,0,0,0,0,0,0,0,0,0,0,0,0,0,0,0,0,0,0,0,pinkythumb
1315,12,37,32,34,39,25,30,18,14,22,14,13,42,12,10,9,1,8,3,4,3,5,0,1,1,2,2,2,1,1,1,0,0,0,0,0,0,0,0,0,0,0,0,0,0,0,0,0,0,0,0,0,0,0,0,0,0,0,0,0,0,0,0,1316,12,48,6,35,47,19,25,16,16,23,11,24,30,10,2,5,3,10,10,5,5,1,2,0,1,1,0,0,0,0,0,0,0,0,0,0,0,0,0,0,0,0,0,0,0,0,0,0,0,0,0,0,0,0,0,0,0,0,0,0,0,0,0,1312,14,22,18,7,49,37,63,8,32,16,19,14,3,17,6,12,5,5,9,6,3,1,2,2,0,0,1,0,0,0,0,0,0,0,0,0,0,0,0,0,0,0,0,0,0,0,0,0,0,0,0,0,0,0,0,0,0,0,0,0,0,0,0,fist
1323,20,14,31,23,36,27,22,7,22,17,15,27,12,7,8,14,5,2,5,5,2,1,2,4,0,1,1,0,0,0,0,0,0,0,0,0,0,0,0,0,0,0,0,0,0,0,0,0,0,0,0,0,0,0,0,0,0,0,0,0,0,0,0,1315,8,50,22,49,19,32,2,26,22,23,16,6,18,7,9,4,1,2,1,1,2,1,2,3,1,0,0,0,0,0,1,0,0,0,0,0,0,0,0,0,0,0,0,0,0,0,0,0,0,0,0,0,0,0,0,0,0,0,0,0,0,0,0,1324,15,39,51,8,10,10,26,21,20,9,17,20,9,14,18,13,8,7,4,6,3,1,0,0,0,1,0,0,0,0,0,0,0,0,0,0,0,0,0,0,0,0,0,0,0,0,0,0,0,0,0,0,0,0,0,0,0,0,0,0,0,0,0,indexmiddle
1321,10,18,16,12,16,46,23,17,14,15,12,24,15,5,16,17,14,6,1,4,1,4,0,0,2,1,1,0,0,1,0,0,0,0,0,0,0,0,0,0,0,0,0,0,0,0,0,0,0,0,0,0,0,0,0,0,0,0,0,0,0,0,0,1315,3,37,54,5,7,13,6,43,15,33,12,22,12,16,9,10,8,5,9,6,0,2,4,2,1,2,1,1,1,1,1,0,0,0,0,0,0,0,0,0,0,0,0,0,0,0,0,0,0,0,0,0,0,0,0,0,0,0,0,0,0,0,0,1309,6,17,11,52,3,12,50,34,22,17,26,12,8,14,10,4,2,7,3,2,3,1,2,0,3,2,1,1,1,1,1,0,0,0,0,0,0,0,0,0,0,0,0,0,0,0,0,0,0,0,0,0,0,0,0,0,0,0,0,0,0,0,0,pinkythumb
1318,18,21,28,50,61,21,45,46,34,44,16,10,8,9,6,3,1,5,8,5,5,4,1,1,1,2,1,1,1,1,1,0,0,0,0,0,0,0,0,0,0,0,0,0,0,0,0,0,0,0,0,0,0,0,0,0,0,0,0,0,0,0,0,1318,4,37,37,0,8,32,25,18,39,19,14,14,18,4,3,7,3,3,2,5,7,2,2,0,1,0,1,1,1,0,0,0,0,0,0,0,0,0,0,0,0,0,0,0,0,0,0,0,0,0,0,0,0,0,0,0,0,0,0,0,0,0,0,1323,26,23,75,7,50,6,29,53,29,31,9,33,12,5,13,7,15,5,2,2,3,2,2,1,1,1,1,0,0,1,1,0,0,0,0,0,0,0,0,0,0,0,0,0,0,0,0,0,0,0,0,0,0,0,0,0,0,0,0,0,0,0,0,indexmiddle
1321,26,77,27,13,65,28,19,40,40,19,26,8,14,26,27,11,6,8,4,5,2,2,2,0,1,1,1,0,0,0,0,0,0,0,0,0,0,0,0,0,0,0,0,0,0,0,0,0,0,0,0,0,0,0,0,0,0,0,0,0,0,0,0,1324,22,57,28,45,47,23,21,19,21,33,8,36,10,0,11,12,4,3,1,5,1,1,0,2,3,2,0,1,1,1,0,0,0,0,0,0,0,0,0,0,0,0,0,0,0,0,0,0,0,0,0,0,0,0,0,0,0,0,0,0,0,0,0,1315,3,31,11,19,24,43,8,40,12,4,19,18,6,10,9,2,1,2,2,3,1,1,0,1,1,0,1,0,0,0,0,0,0,0,0,0,0,0,0,0,0,0,0,0,0,0,0,0,0,0,0,0,0,0,0,0,0,0,0,0,0,0,0,pinkythumb
1306,2,40,15,41,69,65,30,6,17,12,18,26,27,14,2,2,4,5,1,3,6,3,0,2,0,1,0,0,0,0,0,0,0,0,0,0,0,0,0,0,0,0,0,0,0,0,0,0,0,0,0,0,0,0,0,0,0,0,0,0,0,0,0,1316,5,48,59,6,16,25,22,45,20,37,27,12,11,17,22,11,12,8,9,4,6,6,2,4,3,2,2,1,2,1,2,0,0,0,0,0,0,0,0,0,0,0,0,0,0,0,0,0,0,0,0,0,0,0,0,0,0,0,0,0,0,0,0,1320,1,33,47,13,40,24,60,31,18,18,28,11,1,21,20,6,5,7,3,3,5,5,4,2,4,3,3,3,2,2,2,0,0,0,0,0,0,0,0,0,0,0,0,0,0,0,0,0,0,0,0,0,0,0,0,0,0,0,0,0,0,0,0,fist
1317,22,22,20,28,37,38,32,12,23,37,25,23,12,13,0,7,6,1,2,5,1,3,4,0,1,1,1,1,1,1,0,0,0,0,0,0,0,0,0,0,0,0,0,0,0,0,0,0,0,0,0,0,0,0,0,0,0,0,0,0,0,0,0,1317,11,24,23,42,29,9,15,27,30,11,8,14,4,9,14,12,9,10,10,3,2,5,7,4,4,3,3,3,3,3,3,0,0,0,0,0,0,0,0,0,0,0,0,0,0,0,0,0,0,0,0,0,0,0,0,0,0,0,0,0,0,0,0,1335,31,22,48,28,48,6,17,29,9,6,6,22,4,5,2,7,14,8,7,2,6,3,2,3,2,1,1,1,1,1,1,0,0,0,0,0,0,0,0,0,0,0,0,0,0,0,0,0,0,0,0,0,0,0,0,0,0,0,0,0,0,0,0,pinkythumb
1317,7,11,25,45,12,23,21,37,16,33,21,6,6,6,11,6,2,1,1,1,0,2,1,0,0,1,0,0,0,0,0,0,0,0,0,0,0,0,0,0,0,0,0,0,0,0,0,0,0,0,0,0,0,0,0,0,0,0,0,0,0,0,0,1314,12,25,51,28,33,50,4,34,17,24,9,16,12,13,10,20,10,10,4,3,5,6,2,4,3,3,1,2,2,2,2,0,0,0,0,0,0,0,0,0,0,0,0,0,0,0,0,0,0,0,0,0,0,0,0,0,0,0,0,0,0,0,0,1320,17,22,35,33,25,30,19,45,3,31,22,6,5,10,10,6,8,3,4,5,1,2,3,3,1,2,1,2,2,1,1,0,0,0,0,0,0,0,0,0,0,0,0,0,0,0,0,0,0,0,0,0,0,0,0,0,0,0,0,0,0,0,0,indexmiddle
1298,11,31,10,6,26,39,39,10,26,53,15,27,23,4,12,7,10,3,9,2,2,1,1,1,1,1,1,0,0,0,0,0,0,0,0,0,0,0,0,0,0,0,0,0,0,0,0,0,0,0,0,0,0,0,0,0,0,0,0,0,0,0,0,1306,11,17,8,46,35,20,9,13,50,36,28,32,16,6,11,1,9,5,1,7,1,1,1,2,2,1,0,0,1,1,0,0,0,0,0,0,0,0,0,0,0,0,0,0,0,0,0,0,0,0,0,0,0,0,0,0,0,0,0,0,0,0,0,1318,1,38,35,2,17,37,45,13,20,11,27,5,12,12,19,6,18,6,3,2,3,5,6,5,3,4,3,2,2,2,2,0,0,0,0,0,0,0,0,0,0,0,0,0,0,0,0,0,0,0,0,0,0,0,0,0,0,0,0,0,0,0,0,pinkythumb
1317,27,14,56,22,66,23,28,34,35,24,22,5,30,18,10,9,5,11,4,1,4,2,3,2,3,1,2,1,1,1,1,0,0,0,0,0,0,0,0,0,0,0,0,0,0,0,0,0,0,0,0,0,0,0,0,0,0,0,0,0,0,0,0,1313,13,21,8,20,55,21,34,44,23,21,24,11,10,17,14,6,3,1,4,1,4,3,2,3,1,1,1,0,0,0,0,0,0,0,0,0,0,0,0,0,0,0,0,0,0,0,0,0,0,0,0,0,0,0,0,0,0,0,0,0,0,0,0,1315,15,46,54,29,29,39,39,17,13,36,8,13,8,0,11,13,2,3,8,2,3,3,5,0,3,2,2,2,2,2,2,0,0,0,0,0,0,0,0,0,0,0,0,0,0,0,0,0,0,0,0,0,0,0,0,0,0,0,0,0,0,0,0,pinkythumb
1330,35,60,39,58,6,35,52,57,41,30,52,8,3,18,13,9,10,3,4,4,3,1,2,0,2,3,2,1,1,1,1,0,0,0,0,0,0,0,0,0,0,0,0,0,0,0,0,0,0,0,0,0,0,0,0,0,0,0,0,0,0,0,0,1327,31,44,49,28,24,21,25,24,18,22,18,17,14,2,10,2,4,6,6,8,8,5,2,2,3,1,2,1,1,1,1,0,0,0,0,0,0,0,0,0,0,0,0,0,0,0,0,0,0,0,0,0,0,0,0,0,0,0,0,0,0,0,0,1318,16,22,28,37,22,52,20,40,17,5,19,21,15,9,3,8,7,2,6,1,6,2,5,3,2,2,3,2,2,2,2,0,0,0,0,0,0,0,0,0,0,0,0,0,0,0,0,0,0,0,0,0,0,0,0,0,0,0,0,0,0,0,0,indexmiddle
1316,20,11,16,18,26,10,18,28,22,42,20,24,12,6,19,9,1,11,5,3,1,2,4,2,1,0,0,0,0,0,0,0,0,0,0,0,0,0,0,0,0,0,0,0,0,0,0,0,0,0,0,0,0,0,0,0,0,0,0,0,0,0,0,1326,17,48,8,16,13,33,24,8,43,33,14,19,31,2,19,4,3,3,4,4,1,2,3,0,0,1,1,1,0,1,0,0,0,0,0,0,0,0,0,0,0,0,0,0,0,0,0,0,0,0,0,0,0,0,0,0,0,0,0,0,0,0,0,1330,26,66,30,38,41,74,72,14,44,44,23,7,8,8,16,6,2,3,2,4,4,2,2,2,1,0,0,0,0,0,0,0,0,0,0,0,0,0,0,0,0,0,0,0,0,0,0,0,0,0,0,0,0,0,0,0,0,0,0,0,0,0,0,pinkythumb
1321,2,26,11,21,24,46,26,9,24,18,14,18,22,29,2,8,9,8,11,8,6,3,2,3,1,2,2,1,1,1,1,0,0,0,0,0,0,0,0,0,0,0,0,0,0,0,0,0,0,0,0,0,0,0,0,0,0,0,0,0,0,0,0,1317,20,14,16,22,47,31,9,28,17,41,15,7,15,13,5,16,3,5,6,4,2,1,4,4,2,1,3,2,2,2,2,0,0,0,0,0,0,0,0,0,0,0,0,0,0,0,0,0,0,0,0,0,0,0,0,0,0,0,0,0,0,0,0,1317,11,19,24,63,51,56,67,40,20,6,21,16,11,5,16,5,8,5,1,2,2,3,1,0,1,0,1,0,0,0,0,0,0,0,0,0,0,0,0,0,0,0,0,0,0,0,0,0,0,0,0,0,0,0,0,0,0,0,0,0,0,0,0,pinkythumb
1312,3,23,12,18,22,43,15,38,34,18,20,1,9,9,6,10,12,5,3,0,3,3,1,1,0,0,0,0,0,0,0,0,0,0,0,0,0,0,0,0,0,0,0,0,0,0,0,0,0,0,0,0,0,0,0,0,0,0,0,0,0,0,0,1316,13,12,28,39,24,35,47,20,36,9,5,10,13,12,21,7,10,5,5,3,4,2,3,0,2,2,2,2,2,2,2,0,0,0,0,0,0,0,0,0,0,0,0,0,0,0,0,0,0,0,0,0,0,0,0,0,0,0,0,0,0,0,0,1327,19,15,22,27,48,6,15,33,32,28,21,14,21,3,12,5,3,1,4,2,3,1,0,0,1,1,0,0,0,0,0,0,0,0,0,0,0,0,0,0,0,0,0,0,0,0,0,0,0,0,0,0,0,0,0,0,0,0,0,0,0,0,0,indexmiddle
1321,10,11,32,13,28,43,59,22,14,15,19,8,35,18,7,14,12,2,9,6,4,0,0,1,1,3,2,1,1,1,1,0,0,0,0,0,0,0,0,0,0,0,0,0,0,0,0,0,0,0,0,0,0,0,0,0,0,0,0,0,0,0,0,1321,29,14,27,37,24,6,29,11,37,26,30,17,12,9,5,11,9,12,1,1,2,1,3,1,1,0,0,0,0,0,0,0,0,0,0,0,0,0,0,0,0,0,0,0,0,0,0,0,0,0,0,0,0,0,0,0,0,0,0,0,0,0,0,1318,12,58,68,25,37,24,8,41,18,39,7,21,2,6,7,3,3,8,2,2,3,2,3,1,1,1,0,0,0,0,0,0,0,0,0,0,0,0,0,0,0,0,0,0,0,0,0,0,0,0,0,0,0,0,0,0,0,0,0,0,0,0,0,pinkythumb
1319,16,43,24,27,17,31,40,7,15,12,21,22,11,11,11,6,9,2,7,5,2,0,3,1,1,0,1,1,0,1,0,0,0,0,0,0,0,0,0,0,0,0,0,0,0,0,0,0,0,0,0,0,0,0,0,0,0,0,0,0,0,0,0,1324,7,20,6,18,42,18,22,33,25,22,3,13,8,1,12,8,9,5,7,3,6,1,0,1,2,1,1,1,1,1,1,0,0,0,0,0,0,0,0,0,0,0,0,0,0,0,0,0,0,0,0,0,0,0,0,0,0,0,0,0,0,0,0,1309,7,20,22,26,4,28,44,32,13,15,8,15,13,3,9,15,9,3,7,7,2,6,4,1,1,2,1,1,1,1,1,0,0,0,0,0,0,0,0,0,0,0,0,0,0,0,0,0,0,0,0,0,0,0,0,0,0,0,0,0,0,0,0,indexmiddle
1314,5,35,36,5,13,23,18,33,45,30,22,20,18,8,10,1,11,3,7,2,1,2,2,0,1,1,0,0,0,0,0,0,0,0,0,0,0,0,0,0,0,0,0,0,0,0,0,0,0,0,0,0,0,0,0,0,0,0,0,0,0,0,0,1320,15,1,57,39,22,37,39,7,10,25,16,24,5,8,13,10,3,8,3,9,2,1,0,1,0,0,0,0,0,0,0,0,0,0,0,0,0,0,0,0,0,0,0,0,0,0,0,0,0,0,0,0,0,0,0,0,0,0,0,0,0,0,0,1311,9,31,14,13,59,27,49,6,19,36,21,6,9,5,5,6,12,5,1,1,2,1,2,1,2,0,0,0,0,0,0,0,0,0,0,0,0,0,0,0,0,0,0,0,0,0,0,0,0,0,0,0,0,0,0,0,0,0,0,0,0,0,0,fist
1318,12,25,41,40,25,18,18,62,21,11,16,4,4,3,12,7,6,8,2,4,2,2,0,3,2,1,0,0,0,0,0,0,0,0,0,0,0,0,0,0,0,0,0,0,0,0,0,0,0,0,0,0,0,0,0,0,0,0,0,0,0,0,0,1311,28,33,22,73,27,87,56,10,42,21,33,6,31,23,5,9,7,3,3,4,2,2,1,2,0,0,0,1,0,0,0,0,0,0,0,0,0,0,0,0,0,0,0,0,0,0,0,0,0,0,0,0,0,0,0,0,0,0,0,0,0,0,0,1323,22,12,31,11,16,56,43,24,12,12,18,0,20,6,6,5,8,7,2,5,5,4,1,2,1,1,2,2,2,2,2,0,0,0,0,0,0,0,0,0,0,0,0,0,0,0,0,0,0,0,0,0,0,0,0,0,0,0,0,0,0,0,0,fist
1304,1,41,35,17,27,34,43,20,10,14,22,18,28,23,6,4,8,1,8,1,2,1,3,3,2,1,2,1,1,1,1,0,0,0,0,0,0,0,0,0,0,0,0,0,0,0,0,0,0,0,0,0,0,0,0,0,0,0,0,0,0,0,0,1319,13,8,36,26,27,8,48,45,25,13,25,15,8,15,11,7,7,3,4,2,5,4,2,2,1,3,2,2,2,2,2,0,0,0,0,0,0,0,0,0,0,0,0,0,0,0,0,0,0,0,0,0,0,0,0,0,0,0,0,0,0,0,0,1306,6,11,24,12,11,43,18,8,38,18,12,6,9,4,15,3,3,1,12,5,3,5,2,3,2,2,2,2,2,1,1,0,0,0,0,0,0,0,0,0,0,0,0,0,0,0,0,0,0,0,0,0,0,0,0,0,0,0,0,0,0,0,0,indexmiddle
1318,20,47,41,11,52,46,12,4,34,10,30,13,16,11,17,14,11,4,1,2,6,1,0,1,1,0,1,1,0,1,1,0,0,0,0,0,0,0,0,0,0,0,0,0,0,0,0,0,0,0,0,0,0,0,0,0,0,0,0,0,0,0,0,1305,16,60,22,17,15,42,46,19,19,5,35,34,26,23,9,4,7,4,3,11,2,5,1,2,3,1,2,1,1,1,1,0,0,0,0,0,0,0,0,0,0,0,0,0,0,0,0,0,0,0,0,0,0,0,0,0,0,0,0,0,0,0,0,1324,35,16,6,42,36,15,26,2,44,14,26,13,8,7,9,1,4,2,4,4,3,0,3,0,0,1,1,0,0,0,0,0,0,0,0,0,0,0,0,0,0,0,0,0,0,0,0,0,0,0,0,0,0,0,0,0,0,0,0,0,0,0,0,indexmiddle
1314,9,18,39,24,18,49,26,10,23,5,17,17,5,8,4,10,4,2,5,1,2,0,1,2,2,1,1,0,1,1,0,0,0,0,0,0,0,0,0,0,0,0,0,0,0,0,0,0,0,0,0,0,0,0,0,0,0,0,0,0,0,0,0,1320,12,50,40,34,18,48,23,2,26,8,15,22,4,14,3,6,9,7,3,1,4,4,1,0,1,0,0,0,1,0,0,0,0,0,0,0,0,0,0,0,0,0,0,0,0,0,0,0,0,0,0,0,0,0,0,0,0,0,0,0,0,0,0,1317,16,24,22,34,25,13,35,27,21,15,16,29,20,2,7,10,8,9,2,1,4,0,3,1,0,2,1,1,1,1,0,0,0,0,0,0,0,0,0,0,0,0,0,0,0,0,0,0,0,0,0,0,0,0,0,0,0,0,0,0,0,0,0,fist
1316,4,20,30,18,51,42,86,18,22,39,17,32,8,32,5,4,5,1,6,2,4,1,4,1,1,2,1,1,1,0,0,0,0,0,0,0,0,0,0,0,0,0,0,0,0,0,0,0,0,0,0,0,0,0,0,0,0,0,0,0,0,0,0,1322,40,16,50,28,38,29,46,34,17,12,11,9,6,7,10,4,16,1,5,4,5,1,5,3,1,1,1,1,1,1,1,0,0,0,0,0,0,0,0,0,0,0,0,0,0,0,0,0,0,0,0,0,0,0,0,0,0,0,0,0,0,0,0,1310,3,36,43,30,34,33,49,38,23,26,2,16,14,7,15,5,5,9,6,2,4,2,6,1,2,3,2,2,2,2,2,0,0,0,0,0,0,0,0,0,0,0,0,0,0,0,0,0,0,0,0,0,0,0,0,0,0,0,0,0,0,0,0,pinkythumb
1323,34,14,32,30,33,31,4,8,12,35,11,26,12,11,11,9,4,2,3,6,2,2,1,0,2,2,1,1,1,1,1,0,0,0,0,0,0,0,0,0,0,0,0,0,0,0,0,0,0,0,0,0,0,0,0,0,0,0,0,0,0,0,0,1324,33,25,13,37,14,19,3,10,17,5,18,23,11,14,1,4,9,3,4,5,1,6,2,0,2,0,1,1,1,1,1,0,0,0,0,0,0,0,0,0,0,0,0,0,0,0,0,0,0,0,0,0,0,0,0,0,0,0,0,0,0,0,0,1317,37,19,36,9,58,12,22,32,3,42,4,14,19,20,8,5,3,8,5,4,3,4,1,1,0,0,0,0,0,0,0,0,0,0,0,0,0,0,0,0,0,0,0,0,0,0,0,0,0,0,0,0,0,0,0,0,0,0,0,0,0,0,0,indexmiddle
1313,32,32,39,49,18,34,44,19,20,33,24,17,17,15,25,7,0,4,6,1,1,2,1,1,1,1,0,0,0,0,0,0,0,0,0,0,0,0,0,0,0,0,0,0,0,0,0,0,0,0,0,0,0,0,0,0,0,0,0,0,0,0,0,1319,16,12,99,15,35,17,11,38,26,16,18,8,16,10,7,5,2,6,9,2,2,2,4,1,2,2,1,1,1,1,1,0,0,0,0,0,0,0,0,0,0,0,0,0,0,0,0,0,0,0,0,0,0,0,0,0,0,0,0,0,0,0,0,1324,24,32,35,50,21,37,52,6,12,25,15,8,8,5,7,11,14,6,8,4,3,1,4,1,0,2,1,0,0,0,0,0,0,0,0,0,0,0,0,0,0,0,0,0,0,0,0,0,0,0,0,0,0,0,0,0,0,0,0,0,0,0,0,fist
1308,22,41,23,32,32,25,11,13,10,1,9,22,5,11,17,6,4,3,6,3,5,4,1,1,1,1,2,1,1,1,2,0,0,0,0,0,0,0,0,0,0,0,0,0,0,0,0,0,0,0,0,0,0,0,0,0,0,0,0,0,0,0,0,1297,24,5,25,27,13,29,25,3,9,29,11,19,17,18,10,13,3,4,7,2,4,0,1,1,1,0,0,0,0,0,0,0,0,0,0,0,0,0,0,0,0,0,0,0,0,0,0,0,0,0,0,0,0,0,0,0,0,0,0,0,0,0,0,1313,19,27,13,26,32,18,42,13,42,13,19,14,27,5,8,2,1,4,1,0,4,2,4,0,1,0,1,1,0,1,0,0,0,0,0,0,0,0,0,0,0,0,0,0,0,0,0,0,0,0,0,0,0,0,0,0,0,0,0,0,0,0,0,indexmiddle
1307,23,16,67,29,33,8,42,46,30,11,16,26,6,15,0,2,3,5,7,4,3,0,1,1,0,1,0,1,1,1,1,0,0,0,0,0,0,0,0,0,0,0,0,0,0,0,0,0,0,0,0,0,0,0,0,0,0,0,0,0,0,0,0,1320,12,24,47,32,12,54,14,31,23,19,17,21,11,5,10,7,7,6,2,5,6,6,4,3,2,4,3,3,3,2,2,0,0,0,0,0,0,0,0,0,0,0,0,0,0,0,0,0,0,0,0,0,0,0,0,0,0,0,0,0,0,0,0,1318,14,48,30,36,19,4,11,13,16,2,25,18,10,11,4,13,8,6,2,4,7,1,3,2,2,1,0,1,1,1,1,0,0,0,0,0,0,0,0,0,0,0,0,0,0,0,0,0,0,0,0,0,0,0,0,0,0,0,0,0,0,0,0,indexmiddle
1314,30,8,17,38,20,9,40,7,16,17,30,26,9,16,15,13,9,9,7,6,1,6,5,5,5,3,2,3,3,3,3,0,0,0,0,0,0,0,0,0,0,0,0,0,0,0,0,0,0,0,0,0,0,0,0,0,0,0,0,0,0,0,0,1323,14,37,25,54,28,31,11,25,2,5,16,8,6,7,12,9,9,8,4,7,3,2,3,2,2,2,1,1,1,2,1,0,0,0,0,0,0,0,0,0,0,0,0,0,0,0,0,0,0,0,0,0,0,0,0,0,0,0,0,0,0,0,0,1309,13,24,15,50,15,25,34,21,2,11,16,12,19,3,8,5,6,3,7,4,5,4,2,2,1,1,1,1,1,1,1,0,0,0,0,0,0,0,0,0,0,0,0,0,0,0,0,0,0,0,0,0,0,0,0,0,0,0,0,0,0,0,0,fist
1304,35,34,38,25,26,16,10,5,29,14,15,10,8,8,11,11,15,4,6,4,3,2,5,2,2,2,2,2,2,1,2,0,0,0,0,0,0,0,0,0,0,0,0,0,0,0,0,0,0,0,0,0,0,0,0,0,0,0,0,0,0,0,0,1312,8,56,14,10,24,19,31,14,39,10,10,6,14,21,4,4,6,3,2,5,4,0,4,3,1,0,1,1,0,0,0,0,0,0,0,0,0,0,0,0,0,0,0,0,0,0,0,0,0,0,0,0,0,0,0,0,0,0,0,0,0,0,0,1322,11,29,36,28,49,6,28,40,15,17,19,20,11,15,13,11,15,2,0,2,8,6,4,4,5,3,4,3,3,3,3,0,0,0,0,0,0,0,0,0,0,0,0,0,0,0,0,0,0,0,0,0,0,0,0,0,0,0,0,0,0,0,0,fist
1319,32,30,46,50,11,27,20,32,9,6,26,10,12,5,9,7,5,2,7,4,4,2,1,2,0,1,0,0,1,1,0,0,0,0,0,0,0,0,0,0,0,0,0,0,0,0,0,0,0,0,0,0,0,0,0,0,0,0,0,0,0,0,0,1320,18,16,33,34,6,10,31,26,13,27,11,14,21,22,11,16,12,6,5,4,4,5,0,3,3,2,2,1,1,1,2,0,0,0,0,0,0,0,0,0,0,0,0,0,0,0,0,0,0,0,0,0,0,0,0,0,0,0,0,0,0,0,0,1305,33,51,67,24,16,28,26,15,21,23,21,23,9,11,5,9,4,8,0,1,3,1,1,1,2,1,2,1,1,1,1,0,0,0,0,0,0,0,0,0,0,0,0,0,0,0,0,0,0,0,0,0,0,0,0,0,0,0,0,0,0,0,0,pinkythumb
1298,20,29,13,56,36,37,42,34,14,8,30,40,17,13,8,9,17,6,7,6,5,4,3,0,1,0,0,0,0,0,0,0,0,0,0,0,0,0,0,0,0,0,0,0,0,0,0,0,0,0,0,0,0,0,0,0,0,0,0,0,0,0,0,1322,31,40,54,26,17,17,38,24,22,8,44,24,8,13,13,9,5,11,2,0,1,2,0,2,2,1,1,2,1,1,1,0,0,0,0,0,0,0,0,0,0,0,0,0,0,0,0,0,0,0,0,0,0,0,0,0,0,0,0,0,0,0,0,1321,20,31,19,14,83,26,27,17,8,8,25,17,13,3,22,10,14,14,4,5,4,3,2,0,0,1,0,1,1,1,0,0,0,0,0,0,0,0,0,0,0,0,0,0,0,0,0,0,0,0,0,0,0,0,0,0,0,0,0,0,0,0,0,pinkythumb
1315,19,18,22,25,36,32,47,40,9,28,16,5,2,35,9,9,1,1,7,1,4,1,4,3,4,3,1,2,2,2,2,0,0,0,0,0,0,0,0,0,0,0,0,0,0,0,0,0,0,0,0,0,0,0,0,0,0,0,0,0,0,0,0,1325,35,25,43,10,78,45,19,13,16,12,11,34,10,6,7,8,10,3,6,4,3,1,3,0,1,0,0,0,0,0,0,0,0,0,0,0,0,0,0,0,0,0,0,0,0,0,0,0,0,0,0,0,0,0,0,0,0,0,0,0,0,0,0,1304,19,29,54,20,13,40,41,20,13,20,37,27,11,14,16,8,8,1,7,1,0,6,2,3,1,0,0,1,0,0,0,0,0,0,0,0,0,0,0,0,0,0,0,0,0,0,0,0,0,0,0,0,0,0,0,0,0,0,0,0,0,0,0,indexmiddle
1303,38,3,9,44,49,11,6,16,8,33,11,34,20,11,20,14,15,10,3,5,3,8,4,3,4,3,2,2,2,2,2,0,0,0,0,0,0,0,0,0,0,0,0,0,0,0,0,0,0,0,0,0,0,0,0,0,0,0,0,0,0,0,0,1313,14,28,29,50,17,34,31,32,11,35,36,7,15,31,7,4,7,4,4,3,7,3,3,0,1,0,0,0,0,0,0,0,0,0,0,0,0,0,0,0,0,0,0,0,0,0,0,0,0,0,0,0,0,0,0,0,0,0,0,0,0,0,0,1326,15,42,36,12,30,10,21,16,14,4,17,16,21,8,15,5,6,1,6,4,5,6,2,0,0,0,0,1,1,0,1,0,0,0,0,0,0,0,0,0,0,0,0,0,0,0,0,0,0,0,0,0,0,0,0,0,0,0,0,0,0,0,0,indexmiddle
1315,20,33,4,47,10,38,9,36,26,7,22,16,34,22,4,2,3,3,11,7,1,4,0,1,1,1,2,0,1,0,0,0,0,0,0,0,0,0,0,0,0,0,0,0,0,0,0,0,0,0,0,0,0,0,0,0,0,0,0,0,0,0,0,1310,7,13,8,47,18,34,63,22,14,12,18,21,13,5,2,17,11,1,6,4,4,2,3,0,0,1,1,1,0,0,0,0,0,0,0,0,0,0,0,0,0,0,0,0,0,0,0,0,0,0,0,0,0,0,0,0,0,0,0,0,0,0,0,1327,9,48,17,21,52,40,38,12,19,7,32,4,2,5,10,7,4,3,5,3,5,1,1,1,1,0,0,0,0,0,0,0,0,0,0,0,0,0,0,0,0,0,0,0,0,0,0,0,0,0,0,0,0,0,0,0,0,0,0,0,0,0,0,pinkythumb
1312,14,34,28,44,30,50,35,26,12,0,22,12,7,12,4,1,5,5,12,3,4,2,1,0,1,1,1,1,1,1,1,0,0,0,0,0,0,0,0,0,0,0,0,0,0,0,0,0,0,0,0,0,0,0,0,0,0,0,0,0,0,0,0,1319,19,39,40,40,81,20,56,52,19,19,29,17,21,26,3,12,6,7,7,0,0,3,0,1,2,0,0,0,0,0,0,0,0,0,0,0,0,0,0,0,0,0,0,0,0,0,0,0,0,0,0,0,0,0,0,0,0,0,0,0,0,0,0,1312,21,46,21,59,41,24,26,18,24,31,28,10,4,3,8,6,10,0,6,3,1,3,3,2,1,0,1,0,0,0,0,0,0,0,0,0,0,0,0,0,0,0,0,0,0,0,0,0,0,0,0,0,0,0,0,0,0,0,0,0,0,0,0,pinkythumb
1311,11,12,21,29,9,41,32,8,50,11,20,16,5,12,4,5,4,5,11,3,6,3,1,3,2,4,3,3,3,2,2,0,0,0,0,0,0,0,0,0,0,0,0,0,0,0,0,0,0,0,0,0,0,0,0,0,0,0,0,0,0,0,0,1324,22,35,28,26,38,31,11,16,30,12,14,22,26,12,3,5,7,8,4,6,2,2,0,0,1,0,0,0,0,0,0,0,0,0,0,0,0,0,0,0,0,0,0,0,0,0,0,0,0,0,0,0,0,0,0,0,0,0,0,0,0,0,0,1324,19,24,30,28,44,11,34,21,41,39,12,17,8,9,8,10,4,4,7,1,1,0,1,0,0,1,0,1,0,1,0,0,0,0,0,0,0,0,0,0,0,0,0,0,0,0,0,0,0,0,0,0,0,0,0,0,0,0,0,0,0,0,0,indexmiddle
1319,17,23,36,22,53,52,25,28,29,30,25,18,11,9,1,12,4,3,4,4,3,1,0,1,0,1,0,0,0,0,0,0,0,0,0,0,0,0,0,0,0,0,0,0,0,0,0,0,0,0,0,0,0,0,0,0,0,0,0,0,0,0,0,1299,27,29,15,9,8,28,25,31,25,20,5,9,14,2,5,3,5,3,8,4,3,9,2,3,3,3,2,3,3,2,2,0,0,0,0,0,0,0,0,0,0,0,0,0,0,0,0,0,0,0,0,0,0,0,0,0,0,0,0,0,0,0,0,1339,28,58,30,16,51,36,18,23,8,37,13,8,24,12,2,10,8,8,6,4,1,2,2,2,0,0,0,0,0,0,0,0,0,0,0,0,0,0,0,0,0,0,0,0,0,0,0,0,0,0,0,0,0,0,0,0,0,0,0,0,0,0,0,pinkythumb
1307,30,18,38,22,25,47,36,12,10,21,21,10,9,8,6,12,1,10,4,3,5,5,2,2,2,2,2,2,1,1,1,0,0,0,0,0,0,0,0,0,0,0,0,0,0,0,0,0,0,0,0,0,0,0,0,0,0,0,0,0,0,0,0,1318,18,13,5,11,12,32,29,17,20,14,21,5,7,3,10,6,4,0,2,3,3,1,2,1,1,0,0,0,0,0,0,0,0,0,0,0,0,0,0,0,0,0,0,0,0,0,0,0,0,0,0,0,0,0,0,0,0,0,0,0,0,0,0,1308,5,18,23,43,25,31,4,30,25,19,14,33,25,4,1,6,3,3,9,1,1,4,2,2,2,3,2,2,1,2,2,0,0,0,0,0,0,0,0,0,0,0,0,0,0,0,0,0,0,0,0,0,0,0,0,0,0,0,0,0,0,0,0,indexmiddle
1313,13,28,83,65,29,40,14,57,18,22,5,16,10,15,10,12,12,5,4,7,6,2,5,2,1,2,1,2,1,2,2,0,0,0,0,0,0,0,0,0,0,0,0,0,0,0,0,0,0,0,0,0,0,0,0,0,0,0,0,0,0,0,0,1325,13,43,33,1,8,16,50,11,36,20,22,13,8,21,7,5,11,4,9,1,4,3,3,2,1,1,0,0,0,0,0,0,0,0,0,0,0,0,0,0,0,0,0,0,0,0,0,0,0,0,0,0,0,0,0,0,0,0,0,0,0,0,0,1315,13,41,57,63,36,32,30,40,33,8,17,23,14,10,7,16,5,4,2,0,1,0,0,1,1,0,1,0,0,0,0,0,0,0,0,0,0,0,0,0,0,0,0,0,0,0,0,0,0,0,0,0,0,0,0,0,0,0,0,0,0,0,0,pinkythumb
1308,14,23,26,39,18,39,31,26,22,14,10,16,11,4,1,4,4,1,3,3,4,2,1,2,0,1,1,1,1,0,1,0,0,0,0,0,0,0,0,0,0,0,0,0,0,0,0,0,0,0,0,0,0,0,0,0,0,0,0,0,0,0,0,1314,11,47,31,37,27,53,17,27,22,13,18,20,7,6,3,7,2,6,1,1,1,1,2,0,1,0,0,0,0,0,0,0,0,0,0,0,0,0,0,0,0,0,0,0,0,0,0,0,0,0,0,0,0,0,0,0,0,0,0,0,0,0,0,1323,38,29,4,36,74,18,27,29,20,14,16,15,27,6,9,3,10,5,3,4,1,1,1,0,0,0,0,0,0,0,0,0,0,0,0,0,0,0,0,0,0,0,0,0,0,0,0,0,0,0,0,0,0,0,0,0,0,0,0,0,0,0,0,indexmiddle
1320,10,15,17,44,29,14,7,46,10,11,23,17,11,8,4,14,0,9,2,1,2,2,2,0,1,2,1,1,1,1,1,0,0,0,0,0,0,0,0,0,0,0,0,0,0,0,0,0,0,0,0,0,0,0,0,0,0,0,0,0,0,0,0,1329,22,24,12,4,36,27,21,26,10,24,14,3,17,17,13,10,12,5,6,3,1,0,3,3,0,1,2,1,1,1,1,0,0,0,0,0,0,0,0,0,0,0,0,0,0,0,0,0,0,0,0,0,0,0,0,0,0,0,0,0,0,0,0,1308,23,10,13,26,47,29,57,16,28,24,3,28,5,15,19,7,6,1,5,4,4,5,1,3,0,0,0,0,0,0,0,0,0,0,0,0,0,0,0,0,0,0,0,0,0,0,0,0,0,0,0,0,0,0,0,0,0,0,0,0,0,0,0,indexmiddle
1318,9,16,16,25,41,17,32,22,7,20,25,15,20,10,19,16,6,2,4,2,2,5,0,3,2,2,2,1,2,1,1,0,0,0,0,0,0,0,0,0,0,0,0,0,0,0,0,0,0,0,0,0,0,0,0,0,0,0,0,0,0,0,0,1327,11,18,27,26,42,29,15,23,37,17,5,25,11,13,14,10,6,10,4,2,2,4,2,1,0,0,2,0,0,0,0,0,0,0,0,0,0,0,0,0,0,0,0,0,0,0,0,0,0,0,0,0,0,0,0,0,0,0,0,0,0,0,0,1325,16,35,47,37,12,33,19,27,45,11,15,17,4,24,22,7,2,7,1,4,1,2,2,1,1,2,0,1,1,1,1,0,0,0,0,0,0,0,0,0,0,0,0,0,0,0,0,0,0,0,0,0,0,0,0,0,0,0,0,0,0,0,0,indexmiddle
1310,23,32,49,37,63,15,32,51,44,33,26,8,1,7,16,14,5,8,1,4,2,3,3,1,2,2,2,2,2,2,2,0,0,0,0,0,0,0,0,0,0,0,0,0,0,0,0,0,0,0,0,0,0,0,0,0,0,0,0,0,0,0,0,1317,6,12,10,6,9,25,10,28,12,25,19,24,4,7,19,7,6,2,8,3,5,1,0,1,2,1,0,0,0,0,0,0,0,0,0,0,0,0,0,0,0,0,0,0,0,0,0,0,0,0,0,0,0,0,0,0,0,0,0,0,0,0,0,1305,20,22,68,41,8,29,16,14,9,24,42,8,25,23,3,9,6,9,3,2,3,3,2,1,3,3,2,2,1,2,1,0,0,0,0,0,0,0,0,0,0,0,0,0,0,0,0,0,0,0,0,0,0,0,0,0,0,0,0,0,0,0,0,pinkythumb